{
    "source": "data/LZGCD2L12PX023680.csv",
    "number_of_groups": 160,
    "group_sizes": [
        155,
        201,
        184,
        161,
        194,
        196,
        190,
        193,
        183,
        165,
        164,
        190,
        187,
        189,
        184,
        79,
        100,
        180,
        173,
        180,
        183,
        160,
        163,
        192,
        181,
        159,
        27,
        138,
        166,
        54,
        106,
        188,
        187,
        186,
        174,
        184,
        188,
        184,
        50,
        11,
        190,
        81,
        15,
        114,
        191,
        177,
        157,
        127,
        35,
        190,
        174,
        195,
        189,
        157,
        195,
        28,
        136,
        179,
        190,
        190,
        183,
        176,
        157,
        181,
        184,
        179,
        190,
        168,
        174,
        181,
        190,
        186,
        185,
        160,
        182,
        163,
        193,
        168,
        169,
        162,
        198,
        175,
        183,
        184,
        169,
        188,
        162,
        185,
        133,
        60,
        122,
        70,
        187,
        179,
        182,
        176,
        182,
        179,
        170,
        155,
        184,
        181,
        185,
        176,
        29,
        31,
        178,
        174,
        29,
        31,
        171,
        179,
        192,
        159,
        189,
        187,
        31,
        29,
        29,
        33,
        189,
        174,
        28,
        29,
        32,
        29,
        185,
        179,
        34,
        140,
        182,
        192,
        178,
        193,
        185,
        195,
        181,
        27,
        27,
        34,
        29,
        188,
        181,
        192,
        184,
        187,
        194,
        31,
        30,
        31,
        26,
        31,
        29,
        29,
        33,
        29,
        195,
        178,
        189,
        121
    ],
    "correlation_speed_power": 0.9063688204012326,
    "results": [
        {
            "model": "linear",
            "full_model_metrics": {
                "mae": 0.007601242168861686,
                "rmse": 0.010041414054198802,
                "r2": 0.8304433565319821,
                "mape": 5.148440560711592,
                "smape": 5.002288480328305
            },
            "full_model_coefficients": {
                "speed": -0.0007535975343675628,
                "power": 0.0033477435172849608,
                "intercept": 0.043549106478834074
            },
            "relative_importance": {
                "speed": 0.1918523361031882,
                "power": 0.8081476638968118
            },
            "hyperparameters": {
                "copy_X": true,
                "fit_intercept": true,
                "n_jobs": null,
                "positive": false,
                "tol": 1e-06
            },
            "reduced_model_metrics_speed_only": {
                "mae": 0.014102110651267834,
                "rmse": 0.016599423092782888,
                "r2": 0.5366479925122455,
                "mape": 8.773811741211155,
                "smape": 8.613952932576673
            },
            "impact_removing_power_r2_drop": 0.2937953640197366,
            "reduced_model_metrics_power_only": {
                "mae": 0.008834816523938348,
                "rmse": 0.0106093725171347,
                "r2": 0.8107201177192446,
                "mape": 5.8208960018995475,
                "smape": 5.718621904046634
            },
            "impact_removing_speed_r2_drop": 0.01972323881273752
        },
        {
            "model": "ridge",
            "full_model_metrics": {
                "mae": 0.00760334661248362,
                "rmse": 0.010041533927911975,
                "r2": 0.8304393081966266,
                "mape": 5.149495672543664,
                "smape": 5.003398286686639
            },
            "full_model_coefficients": {
                "speed": -0.0007519595039167707,
                "power": 0.0033459059055485595,
                "intercept": 0.04354472507574941
            },
            "relative_importance": {
                "speed": 0.19160021688989648,
                "power": 0.8083997831101035
            },
            "hyperparameters": {
                "alpha": 1.0,
                "copy_X": true,
                "fit_intercept": true,
                "max_iter": null,
                "positive": false,
                "random_state": null,
                "solver": "auto",
                "tol": 0.0001
            }
        },
        {
            "model": "lasso",
            "full_model_metrics": {
                "mae": 0.019141217009630937,
                "rmse": 0.024636939549797846,
                "r2": -0.020701083247220975,
                "mape": 12.29173201413641,
                "smape": 11.6802119389877
            },
            "full_model_coefficients": {
                "speed": 0.0,
                "power": 0.0,
                "intercept": 0.16806756340588352
            },
            "relative_importance": null,
            "hyperparameters": {
                "alpha": 1.0,
                "copy_X": true,
                "fit_intercept": true,
                "max_iter": 1000,
                "positive": false,
                "precompute": false,
                "random_state": null,
                "selection": "cyclic",
                "tol": 0.0001,
                "warm_start": false
            }
        },
        {
            "model": "rf",
            "full_model_metrics": {
                "mae": 0.00856523914107504,
                "rmse": 0.01259213524021813,
                "r2": 0.733360909900468,
                "mape": 5.783185609754988,
                "smape": 5.485051576975648
            },
            "full_model_coefficients": {
                "speed": 0.11778572750041265,
                "power": 0.8822142724995874
            },
            "relative_importance": {
                "speed": 0.1234234087418733,
                "power": 0.8765765912581267
            },
            "hyperparameters": {
                "bootstrap": true,
                "ccp_alpha": 0.0,
                "criterion": "squared_error",
                "max_depth": null,
                "max_features": 1.0,
                "max_leaf_nodes": null,
                "max_samples": null,
                "min_impurity_decrease": 0.0,
                "min_samples_leaf": 1,
                "min_samples_split": 2,
                "min_weight_fraction_leaf": 0.0,
                "monotonic_cst": null,
                "n_estimators": 100,
                "n_jobs": null,
                "oob_score": false,
                "random_state": 42,
                "verbose": 0,
                "warm_start": false
            }
        },
        {
            "model": "xgboost",
            "full_model_metrics": {
                "mae": 0.007782848837283944,
                "rmse": 0.01121102617117934,
                "r2": 0.7886434104025863,
                "mape": 5.2719780393146705,
                "smape": 5.046122497706766
            },
            "full_model_coefficients": {
                "speed": 0.04449280723929405,
                "power": 0.955507218837738
            },
            "relative_importance": {
                "speed": 0.0468085360725476,
                "power": 0.9531914639274525
            },
            "hyperparameters": {
                "objective": "reg:squarederror",
                "base_score": null,
                "booster": null,
                "callbacks": null,
                "colsample_bylevel": null,
                "colsample_bynode": null,
                "colsample_bytree": null,
                "device": null,