{
    "source": "data/LZGJLGX47PX044178.csv",
    "number_of_groups": 178,
    "group_sizes": [
        52,
        12,
        71,
        83,
        158,
        50,
        45,
        17,
        104,
        18,
        26,
        70,
        113,
        123,
        15,
        99,
        10,
        17,
        75,
        51,
        36,
        40,
        97,
        11,
        29,
        10,
        15,
        31,
        91,
        75,
        13,
        68,
        57,
        17,
        81,
        82,
        93,
        101,
        69,
        29,
        90,
        11,
        67,
        52,
        14,
        24,
        12,
        122,
        32,
        44,
        15,
        22,
        19,
        98,
        121,
        92,
        81,
        98,
        16,
        76,
        53,
        28,
        104,
        22,
        24,
        43,
        111,
        49,
        101,
        67,
        18,
        88,
        94,
        10,
        59,
        109,
        46,
        46,
        11,
        10,
        23,
        62,
        29,
        25,
        61,
        77,
        50,
        98,
        21,
        130,
        51,
        52,
        12,
        68,
        20,
        65,
        71,
        32,
        129,
        33,
        16,
        51,
        126,
        74,
        37,
        86,
        17,
        53,
        131,
        75,
        19,
        72,
        102,
        81,
        32,
        36,
        23,
        18,
        30,
        43,
        86,
        37,
        12,
        157,
        56,
        26,
        109,
        85,
        12,
        76,
        21,
        29,
        74,
        123,
        40,
        24,
        10,
        10,
        37,
        119,
        17,
        96,
        43,
        70,
        36,
        37,
        10,
        133,
        11,
        150,
        51,
        58,
        111,
        18,
        19,
        80,
        14,
        69,
        70,
        118,
        80,
        18,
        58,
        113,
        101,
        97,
        25,
        65,
        135,
        70,
        81,
        38,
        10,
        12,
        19,
        113,
        140,
        60
    ],
    "correlation_speed_power": 0.4584163154040106,
    "results": [
        {
            "model": "linear",
            "full_model_metrics": {
                "mae": 0.019257789922685065,
                "rmse": 0.027779314648767418,
                "r2": 0.757137343313199,
                "mape": 13.93848665425234,
                "smape": 11.519148463040164
            },
            "full_model_coefficients": {
                "speed": -0.00026004745012366313,
                "power": 0.003679733815126838,
                "intercept": 0.009444910004527907
            },
            "relative_importance": {
                "speed": 0.039072365998470485,
                "power": 0.9609276340015296
            },
            "hyperparameters": {
                "copy_X": true,
                "fit_intercept": true,
                "n_jobs": null,
                "positive": false,
                "tol": 1e-06
            },
            "reduced_model_metrics_speed_only": {
                "mae": 0.03835707718635259,
                "rmse": 0.047889316630413,
                "r2": 0.2782364144723407,
                "mape": 25.748090547471662,
                "smape": 21.11719257099057
            },
            "impact_removing_power_r2_drop": 0.47890092884085833,
            "reduced_model_metrics_power_only": {
                "mae": 0.018820701357077876,
                "rmse": 0.027175241385887592,
                "r2": 0.7675848102388718,
                "mape": 13.427409560582088,
                "smape": 11.223714012321574
            },
            "impact_removing_speed_r2_drop": -0.010447466925672777
        },
        {
            "model": "ridge",
            "full_model_metrics": {
                "mae": 0.01925774163113405,
                "rmse": 0.027779391586990963,
                "r2": 0.757135998035428,
                "mape": 13.938548760007386,
                "smape": 11.519186342840872
            },
            "full_model_coefficients": {
                "speed": -0.00025988613837816496,
                "power": 0.00367955824750382,
                "intercept": 0.009448614850379178
            },
            "relative_importance": {
                "speed": 0.03905086564413243,
                "power": 0.9609491343558676
            },
            "hyperparameters": {
                "alpha": 1.0,
                "copy_X": true,
                "fit_intercept": true,
                "max_iter": null,
                "positive": false,
                "random_state": null,
                "solver": "auto",
                "tol": 0.0001
            }
        },
        {
            "model": "lasso",
            "full_model_metrics": {
                "mae": 0.04123045502633461,
                "rmse": 0.05747209971329782,
                "r2": -0.03951752619068927,
                "mape": 31.299911943119756,
                "smape": 22.301909830050263
            },
            "full_model_coefficients": {
                "speed": 0.0,
                "power": 0.0,
                "intercept": 0.21702496287053438
            },
            "relative_importance": null,
            "hyperparameters": {
                "alpha": 1.0,
                "copy_X": true,
                "fit_intercept": true,
                "max_iter": 1000,
                "positive": false,
                "precompute": false,
                "random_state": null,
                "selection": "cyclic",
                "tol": 0.0001,
                "warm_start": false
            }
        },
        {
            "model": "rf",
            "full_model_metrics": {
                "mae": 0.02199721477866688,
                "rmse": 0.032739679951119594,
                "r2": 0.6626610049160011,
                "mape": 16.277209664657523,
                "smape": 12.828427938591183
            },
            "full_model_coefficients": {
                "speed": 0.07661735139742791,
                "power": 0.9233826486025721
            },
            "relative_importance": {
                "speed": 0.045565324368492456,
                "power": 0.9544346756315075
            },
            "hyperparameters": {
                "bootstrap": true,
                "ccp_alpha": 0.0,
                "criterion": "squared_error",
                "max_depth": null,
                "max_features": 1.0,
                "max_leaf_nodes": null,
                "max_samples": null,
                "min_impurity_decrease": 0.0,
                "min_samples_leaf": 1,
                "min_samples_split": 2,
                "min_weight_fraction_leaf": 0.0,
                "monotonic_cst": null,
                "n_estimators": 100,
                "n_jobs": null,
                "oob_score": false,
                "random_state": 42,
                "verbose": 0,
                "warm_start": false
            }
        },
        {
            "model": "xgboost",
            "full_model_metrics": {
                "mae": 0.020828585145776297,
                "rmse": 0.034478612359801625,
                "r2": 0.6258745561897668,
                "mape": 15.37722111630044,
                "smape": 11.696703227254455
            },
            "full_model_coefficients": {
                "speed": 0.04992089793086052,
                "power": 0.950079083442688
            },
            "relative_importance": {
                "speed": 0.029344753742947545,
                "power": 0.9706552462570525
            },
            "hyperparameters": {
                "objective": "reg:squarederror",
                "base_score": null,
                "booster": null,
                "callbacks": null,
                "colsample_bylevel": null,