{
    "source": "data/LZGJLGX47PX057321.csv",
    "number_of_groups": 72,
    "group_sizes": [
        39,
        10,
        203,
        19,
        15,
        138,
        75,
        169,
        124,
        39,
        287,
        236,
        78,
        72,
        11,
        69,
        115,
        92,
        138,
        78,
        61,
        66,
        62,
        116,
        123,
        252,
        81,
        64,
        10,
        75,
        199,
        17,
        158,
        77,
        72,
        71,
        74,
        189,
        81,
        102,
        74,
        105,
        42,
        75,
        228,
        31,
        111,
        69,
        107,
        106,
        77,
        24,
        89,
        54,
        76,
        64,
        72,
        75,
        171,
        178,
        76,
        66,
        77,
        25,
        176,
        19,
        172,
        88,
        116,
        119,
        74,
        14
    ],
    "correlation_speed_power": 0.20107962761385206,
    "results": [
        {
            "model": "linear",
            "full_model_metrics": {
                "mae": 0.017455657975734267,
                "rmse": 0.028990004245128095,
                "r2": 0.6860682047995231,
                "mape": 8.233557243176122,
                "smape": 9.414135529357107
            },
            "full_model_coefficients": {
                "speed": 8.698904512317344e-05,
                "power": 0.0034891178315112677,
                "intercept": 0.005961578943759732
            },
            "relative_importance": {
                "speed": 0.014170036561786052,
                "power": 0.9858299634382139
            },
            "hyperparameters": {
                "copy_X": true,
                "fit_intercept": true,
                "n_jobs": null,
                "positive": false,
                "tol": 1e-06
            },
            "reduced_model_metrics_speed_only": {
                "mae": 0.050602205921655936,
                "rmse": 0.055227324768776676,
                "r2": -0.13932272083024322,
                "mape": 23.50850256986006,
                "smape": 23.361230990851002
            },
            "impact_removing_power_r2_drop": 0.8253909256297663,
            "reduced_model_metrics_power_only": {
                "mae": 0.017383154336883238,
                "rmse": 0.028430568283663724,
                "r2": 0.6980675250438477,
                "mape": 8.220603162771505,
                "smape": 9.348331460691309
            },
            "impact_removing_speed_r2_drop": -0.011999320244324596
        },
        {
            "model": "ridge",
            "full_model_metrics": {
                "mae": 0.01745497077423764,
                "rmse": 0.02898823410213309,
                "r2": 0.686106541268722,
                "mape": 8.233019163584556,
                "smape": 9.413431446848913
            },
            "full_model_coefficients": {
                "speed": 8.706346048942508e-05,
                "power": 0.003488834915534529,
                "intercept": 0.005974447758497814
            },
            "relative_importance": {
                "speed": 0.014183120235229474,
                "power": 0.9858168797647706
            },
            "hyperparameters": {
                "alpha": 1.0,
                "copy_X": true,
                "fit_intercept": true,
                "max_iter": null,
                "positive": false,
                "random_state": null,
                "solver": "auto",
                "tol": 0.0001
            }
        },
        {
            "model": "lasso",
            "full_model_metrics": {
                "mae": 0.04473974231362494,
                "rmse": 0.05201148090983725,
                "r2": -0.010502016834828876,
                "mape": 20.316761190043803,
                "smape": 20.466880679293055
            },
            "full_model_coefficients": {
                "speed": 0.0,
                "power": 0.0,
                "intercept": 0.20927356387228782
            },
            "relative_importance": null,
            "hyperparameters": {
                "alpha": 1.0,
                "copy_X": true,
                "fit_intercept": true,
                "max_iter": 1000,
                "positive": false,
                "precompute": false,
                "random_state": null,
                "selection": "cyclic",
                "tol": 0.0001,
                "warm_start": false
            }
        },
        {
            "model": "rf",
            "full_model_metrics": {
                "mae": 0.01920871241192972,
                "rmse": 0.029296917855538535,
                "r2": 0.6793859040757175,
                "mape": 9.291622533916575,
                "smape": 10.496185922254844
            },
            "full_model_coefficients": {
                "speed": 0.07314593350196857,
                "power": 0.9268540664980314
            },
            "relative_importance": {
                "speed": 0.04351864505228028,
                "power": 0.9564813549477197
            },
            "hyperparameters": {
                "bootstrap": true,
                "ccp_alpha": 0.0,
                "criterion": "squared_error",
                "max_depth": null,
                "max_features": 1.0,
                "max_leaf_nodes": null,
                "max_samples": null,
                "min_impurity_decrease": 0.0,
                "min_samples_leaf": 1,
                "min_samples_split": 2,
                "min_weight_fraction_leaf": 0.0,
                "monotonic_cst": null,
                "n_estimators": 100,
                "n_jobs": null,
                "oob_score": false,
                "random_state": 42,
                "verbose": 0,
                "warm_start": false
            }
        },
        {
            "model": "xgboost",
            "full_model_metrics": {
                "mae": 0.025664842049699824,
                "rmse": 0.04078334028764814,
                "r2": 0.3786957395760754,
                "mape": 12.218950460663097,
                "smape": 14.67050513738784
            },
            "full_model_coefficients": {
                "speed": 0.049080945551395416,
                "power": 0.9509190320968628
            },
            "relative_importance": {
                "speed": 0.028897125907103745,
                "power": 0.9711028740928962
            },
            "hyperparameters": {
                "objective": "reg:squarederror",
                "base_score": null,
                "booster": null,
                "callbacks": null,
                "colsample_bylevel": null,
                "colsample_bynode": null,
                "colsample_bytree": null,
                "device": null,
                "early_stopping_rounds": null,
                "enable_categorical": false,
                "eval_metric": null,
                "feature_types": null,
                "feature_weights": null,
                "gamma": null,
                "grow_policy": null,
                "importance_type": null,
                "interaction_constraints": null,
                "learning_rate": null,
                "max_bin": null,
                "max_cat_threshold": null,
                "max_cat_to_onehot": null,
                "max_delta_step": null,
                "max_depth": null,
                "max_leaves": null,
                "min_child_weight": null,
                "missing": NaN,
                "monotone_constraints": null,
                "multi_strategy": null,
                "n_estimators": 100,
                "n_jobs": null,
                "num_parallel_tree": null,
                "random_state": 42,
                "reg_alpha": null,
                "reg_lambda": null,
                "sampling_method": null,
                "scale_pos_weight": null,
                "subsample": null,