{
    "source": "data/LZGJL4849PX060444.csv",
    "number_of_groups": 114,
    "group_sizes": [
        18,
        17,
        15,
        16,
        23,
        19,
        17,
        22,
        16,
        16,
        16,
        33,
        23,
        17,
        17,
        12,
        19,
        15,
        15,
        17,
        15,
        15,
        17,
        17,
        15,
        21,
        19,
        12,
        15,
        14,
        14,
        16,
        36,
        17,
        14,
        14,
        11,
        17,
        22,
        17,
        10,
        15,
        15,
        17,
        19,
        17,
        16,
        16,
        15,
        12,
        14,
        14,
        28,
        22,
        13,
        11,
        18,
        17,
        20,
        16,
        24,
        18,
        18,
        15,
        14,
        16,
        20,
        31,
        22,
        29,
        21,
        17,
        26,
        31,
        15,
        19,
        23,
        22,
        22,
        18,
        16,
        16,
        50,
        10,
        13,
        16,
        15,
        98,
        12,
        21,
        27,
        19,
        19,
        13,
        19,
        11,
        21,
        16,
        16,
        17,
        17,
        16,
        16,
        12,
        40,
        46,
        37,
        27,
        26,
        23,
        18,
        21,
        12,
        15
    ],
    "correlation_speed_power": -0.15209642034167872,
    "results": [
        {
            "model": "linear",
            "full_model_metrics": {
                "mae": 0.03793114906113321,
                "rmse": 0.04818040348428765,
                "r2": 0.7681485640622816,
                "mape": 10.3584002476695,
                "smape": 9.963490247795518
            },
            "full_model_coefficients": {
                "speed": 0.002843817604486702,
                "power": 0.005216558207306782,
                "intercept": 0.0534275862071954
            },
            "relative_importance": {
                "speed": 0.13391945545521353,
                "power": 0.8660805445447864
            },
            "hyperparameters": {
                "copy_X": true,
                "fit_intercept": true,
                "n_jobs": null,
                "positive": false,
                "tol": 1e-06
            },
            "reduced_model_metrics_speed_only": {
                "mae": 0.08860049560370085,
                "rmse": 0.10271477446772648,
                "r2": -0.05374313549359955,
                "mape": 25.001501761634387,
                "smape": 23.430999078566796
            },
            "impact_removing_power_r2_drop": 0.8218916995558812,
            "reduced_model_metrics_power_only": {
                "mae": 0.04432012259207386,
                "rmse": 0.05405641814278486,
                "r2": 0.7081474747902767,
                "mape": 12.170455587399386,
                "smape": 11.665621060823659
            },
            "impact_removing_speed_r2_drop": 0.06000108927200487
        },
        {
            "model": "ridge",
            "full_model_metrics": {
                "mae": 0.03793282470322744,
                "rmse": 0.04818198838689302,
                "r2": 0.7681333102261921,
                "mape": 10.358906328476513,
                "smape": 9.96393546395131
            },
            "full_model_coefficients": {
                "speed": 0.002842607408962901,
                "power": 0.005216364876043914,
                "intercept": 0.053460271857961206
            },
            "relative_importance": {
                "speed": 0.13387439217456967,
                "power": 0.8661256078254304
            },
            "hyperparameters": {
                "alpha": 1.0,
                "copy_X": true,
                "fit_intercept": true,
                "max_iter": null,
                "positive": false,
                "random_state": null,
                "solver": "auto",
                "tol": 0.0001
            }
        },
        {
            "model": "lasso",
            "full_model_metrics": {
                "mae": 0.05719122158582458,
                "rmse": 0.06983382082915164,
                "r2": 0.5129197353867468,
                "mape": 16.45248065633264,
                "smape": 15.447975000778069
            },
            "full_model_coefficients": {
                "speed": 0.0,
                "power": 0.0021570621263683845,
                "intercept": 0.2684195489487706
            },
            "relative_importance": {
                "speed": 0.0,
                "power": 1.0
            },
            "hyperparameters": {
                "alpha": 1.0,
                "copy_X": true,
                "fit_intercept": true,
                "max_iter": 1000,
                "positive": false,
                "precompute": false,
                "random_state": null,
                "selection": "cyclic",
                "tol": 0.0001,
                "warm_start": false
            }
        },
        {
            "model": "rf",
            "full_model_metrics": {
                "mae": 0.04201304150912598,
                "rmse": 0.05526195452510747,
                "r2": 0.6949848529461919,
                "mape": 12.093835018649518,
                "smape": 11.682682042630352
            },
            "full_model_coefficients": {
                "speed": 0.09895889681557554,
                "power": 0.9010411031844244
            },
            "relative_importance": {
                "speed": 0.030210332569079245,
                "power": 0.9697896674309208
            },
            "hyperparameters": {
                "bootstrap": true,
                "ccp_alpha": 0.0,
                "criterion": "squared_error",
                "max_depth": null,
                "max_features": 1.0,
                "max_leaf_nodes": null,
                "max_samples": null,
                "min_impurity_decrease": 0.0,
                "min_samples_leaf": 1,
                "min_samples_split": 2,
                "min_weight_fraction_leaf": 0.0,
                "monotonic_cst": null,
                "n_estimators": 100,
                "n_jobs": null,
                "oob_score": false,
                "random_state": 42,
                "verbose": 0,
                "warm_start": false
            }
        },
        {
            "model": "xgboost",
            "full_model_metrics": {
                "mae": 0.04251495546748259,
                "rmse": 0.05158716584692056,
                "r2": 0.7342016612719517,
                "mape": 12.29606330783827,
                "smape": 12.306417545605017
            },
            "full_model_coefficients": {
                "speed": 0.08451878279447556,
                "power": 0.9154812097549438
            },
            "relative_importance": {
                "speed": 0.025517925490635293,
                "power": 0.9744820745093647
            },
            "hyperparameters": {
                "objective": "reg:squarederror",
                "base_score": null,
                "booster": null,
                "callbacks": null,
                "colsample_bylevel": null,
                "colsample_bynode": null,
                "colsample_bytree": null,
                "device": null,
                "early_stopping_rounds": null,
                "enable_categorical": false,
                "eval_metric": null,
                "feature_types": null,
                "feature_weights": null,
                "gamma": null,
                "grow_policy": null,
                "importance_type": null,
                "interaction_constraints": null,
                "learning_rate": null,
                "max_bin": null,
                "max_cat_threshold": null,
                "max_cat_to_onehot": null,
                "max_delta_step": null,
                "max_depth": null,