{
    "source": "data/LZGJL4840PX018129.csv",
    "number_of_groups": 171,
    "group_sizes": [
        110,
        50,
        27,
        44,
        33,
        34,
        38,
        17,
        98,
        24,
        106,
        41,
        18,
        13,
        108,
        25,
        76,
        21,
        10,
        44,
        23,
        44,
        26,
        15,
        90,
        112,
        22,
        13,
        114,
        45,
        10,
        44,
        22,
        27,
        50,
        22,
        26,
        90,
        47,
        29,
        13,
        107,
        29,
        30,
        60,
        45,
        37,
        74,
        29,
        24,
        119,
        23,
        38,
        130,
        73,
        41,
        19,
        82,
        25,
        20,
        95,
        35,
        10,
        11,
        130,
        99,
        42,
        25,
        41,
        29,
        21,
        112,
        38,
        11,
        13,
        125,
        87,
        11,
        47,
        37,
        51,
        29,
        85,
        69,
        11,
        58,
        21,
        11,
        20,
        24,
        29,
        73,
        32,
        95,
        50,
        11,
        95,
        23,
        55,
        55,
        49,
        28,
        12,
        115,
        31,
        32,
        26,
        12,
        40,
        49,
        84,
        22,
        24,
        65,
        20,
        72,
        84,
        14,
        51,
        15,
        13,
        25,
        116,
        13,
        11,
        106,
        39,
        20,
        11,
        47,
        38,
        31,
        19,
        92,
        19,
        21,
        127,
        16,
        13,
        116,
        129,
        10,
        49,
        40,
        61,
        72,
        92,
        133,
        24,
        126,
        88,
        19,
        29,
        12,
        44,
        17,
        94,
        63,
        140,
        38,
        25,
        93,
        44,
        97,
        11,
        45,
        22,
        104,
        60,
        147,
        34
    ],
    "correlation_speed_power": 0.8031345721759686,
    "results": [
        {
            "model": "linear",
            "full_model_metrics": {
                "mae": 0.042500028511171135,
                "rmse": 0.063125729195041,
                "r2": 0.9160907738345969,
                "mape": 5.889178688292095,
                "smape": 6.0930551663357235
            },
            "full_model_coefficients": {
                "speed": 0.0002143085773922852,
                "power": 0.006778176809929615,
                "intercept": 0.05517755651377909
            },
            "relative_importance": {
                "speed": 0.015234299269486686,
                "power": 0.9847657007305134
            },
            "hyperparameters": {
                "copy_X": true,
                "fit_intercept": true,
                "n_jobs": null,
                "positive": false,
                "tol": 1e-06
            },
            "reduced_model_metrics_speed_only": {
                "mae": 0.11278789965307856,
                "rmse": 0.13401343741159724,
                "r2": 0.6218243222510121,
                "mape": 19.794675049678933,
                "smape": 18.236265197498184
            },
            "impact_removing_power_r2_drop": 0.2942664515835848,
            "reduced_model_metrics_power_only": {
                "mae": 0.043019011832913824,
                "rmse": 0.06351728155401712,
                "r2": 0.9150466116238698,
                "mape": 5.947257577929573,
                "smape": 6.149299217503798
            },
            "impact_removing_speed_r2_drop": 0.0010441622107271176
        },
        {
            "model": "ridge",
            "full_model_metrics": {
                "mae": 0.04249979753617018,
                "rmse": 0.06312551627331167,
                "r2": 0.9160913398816791,
                "mape": 5.889155027065787,
                "smape": 6.093026555237862
            },
            "full_model_coefficients": {
                "speed": 0.00021456426684146073,
                "power": 0.006778017335952178,
                "intercept": 0.05517879739454867
            },
            "relative_importance": {
                "speed": 0.01525255132134779,
                "power": 0.9847474486786523
            },
            "hyperparameters": {
                "alpha": 1.0,
                "copy_X": true,
                "fit_intercept": true,
                "max_iter": null,
                "positive": false,
                "random_state": null,
                "solver": "auto",
                "tol": 0.0001
            }
        },
        {
            "model": "lasso",
            "full_model_metrics": {
                "mae": 0.06046619450433595,
                "rmse": 0.0758903594015385,
                "r2": 0.8787253250532883,
                "mape": 8.939919612810996,
                "smape": 8.970027966138003
            },
            "full_model_coefficients": {
                "speed": 0.0,
                "power": 0.0056917736927215995,
                "intercept": 0.16715425376982085
            },
            "relative_importance": {
                "speed": 0.0,
                "power": 1.0
            },
            "hyperparameters": {
                "alpha": 1.0,
                "copy_X": true,
                "fit_intercept": true,
                "max_iter": 1000,
                "positive": false,
                "precompute": false,
                "random_state": null,
                "selection": "cyclic",
                "tol": 0.0001,
                "warm_start": false
            }
        },
        {
            "model": "rf",
            "full_model_metrics": {
                "mae": 0.0354719569023295,
                "rmse": 0.05938432950282532,
                "r2": 0.9257424502732599,
                "mape": 4.957243642590656,
                "smape": 5.159422846041962
            },
            "full_model_coefficients": {
                "speed": 0.023485473939799162,
                "power": 0.9765145260602008
            },
            "relative_importance": {
                "speed": 0.011630618558073185,
                "power": 0.9883693814419268
            },
            "hyperparameters": {
                "bootstrap": true,
                "ccp_alpha": 0.0,
                "criterion": "squared_error",
                "max_depth": null,
                "max_features": 1.0,
                "max_leaf_nodes": null,
                "max_samples": null,
                "min_impurity_decrease": 0.0,
                "min_samples_leaf": 1,
                "min_samples_split": 2,
                "min_weight_fraction_leaf": 0.0,
                "monotonic_cst": null,
                "n_estimators": 100,
                "n_jobs": null,
                "oob_score": false,
                "random_state": 42,
                "verbose": 0,
                "warm_start": false
            }
        },
        {
            "model": "xgboost",
            "full_model_metrics": {
                "mae": 0.040501606521422345,
                "rmse": 0.06641689127167326,
                "r2": 0.9071132028400984,
                "mape": 5.6845017020576485,
                "smape": 5.929982566093735
            },
            "full_model_coefficients": {
                "speed": 0.015151158906519413,
                "power": 0.9848488569259644
            },
            "relative_importance": {
                "speed": 0.007471062243173992,
                "power": 0.992528937756826
            },
            "hyperparameters": {
                "objective": "reg:squarederror",
                "base_score": null,
                "booster": null,
                "callbacks": null,
                "colsample_bylevel": null,