{
    "source": "data/LZGCD2L12PX023680.csv",
    "number_of_groups": 160,
    "group_sizes": [
        155,
        201,
        184,
        161,
        194,
        196,
        190,
        193,
        183,
        165,
        164,
        190,
        187,
        189,
        184,
        79,
        100,
        180,
        173,
        180,
        183,
        160,
        163,
        192,
        181,
        159,
        27,
        138,
        166,
        54,
        106,
        188,
        187,
        186,
        174,
        184,
        188,
        184,
        50,
        11,
        190,
        81,
        15,
        114,
        191,
        177,
        157,
        127,
        35,
        190,
        174,
        195,
        189,
        157,
        195,
        28,
        136,
        179,
        190,
        190,
        183,
        176,
        157,
        181,
        184,
        179,
        190,
        168,
        174,
        181,
        190,
        186,
        185,
        160,
        182,
        163,
        193,
        168,
        169,
        162,
        198,
        175,
        183,
        184,
        169,
        188,
        162,
        185,
        133,
        60,
        122,
        70,
        187,
        179,
        182,
        176,
        182,
        179,
        170,
        155,
        184,
        181,
        185,
        176,
        29,
        31,
        178,
        174,
        29,
        31,
        171,
        179,
        192,
        159,
        189,
        187,
        31,
        29,
        29,
        33,
        189,
        174,
        28,
        29,
        32,
        29,
        185,
        179,
        34,
        140,
        182,
        192,
        178,
        193,
        185,
        195,
        181,
        27,
        27,
        34,
        29,
        188,
        181,
        192,
        184,
        187,
        194,
        31,
        30,
        31,
        26,
        31,
        29,
        29,
        33,
        29,
        195,
        178,
        189,
        121
    ],
    "correlation_speed_power": 0.9063688204012326,
    "results": [
        {
            "model": "linear",
            "full_model_metrics": {
                "mae": 0.007594572517228306,
                "rmse": 0.009970892479667625,
                "r2": 0.8328166104500379,
                "mape": 5.1245717513315565,
                "smape": 5.0214188208298856
            },
            "full_model_coefficients": {
                "speed": -0.0007234691497636175,
                "power": 0.003383729659539355,
                "intercept": 0.03919157788804184
            },
            "relative_importance": {
                "speed": 0.1839950815138804,
                "power": 0.8160049184861196
            },
            "hyperparameters": {
                "copy_X": true,
                "fit_intercept": true,
                "n_jobs": null,
                "positive": false,
                "tol": 1e-06
            },
            "reduced_model_metrics_speed_only": {
                "mae": 0.015040606790459122,
                "rmse": 0.0182638239207324,
                "r2": 0.43907023884796603,
                "mape": 9.254146285318608,
                "smape": 9.443420438729145
            },
            "impact_removing_power_r2_drop": 0.3937463716020718,
            "reduced_model_metrics_power_only": {
                "mae": 0.008943692194164712,
                "rmse": 0.010853432197901516,
                "r2": 0.8019115038514322,
                "mape": 5.877224577687907,
                "smape": 5.931446737427725
            },
            "impact_removing_speed_r2_drop": 0.03090510659860568
        },
        {
            "model": "ridge",
            "full_model_metrics": {
                "mae": 0.007597103311743363,
                "rmse": 0.009970983436829905,
                "r2": 0.8328135602524586,
                "mape": 5.125801274510297,
                "smape": 5.022913918372984
            },
            "full_model_coefficients": {
                "speed": -0.0007213881511922748,
                "power": 0.003381874376728483,
                "intercept": 0.039159340868908266
            },
            "relative_importance": {
                "speed": 0.1836451935949704,
                "power": 0.8163548064050296
            },
            "hyperparameters": {
                "alpha": 1.0,
                "copy_X": true,
                "fit_intercept": true,
                "max_iter": null,
                "positive": false,
                "random_state": null,
                "solver": "auto",
                "tol": 0.0001
            }
        },
        {
            "model": "lasso",
            "full_model_metrics": {
                "mae": 0.019767449041095977,
                "rmse": 0.026130430216589787,
                "r2": -0.14820168550243573,
                "mape": 13.087814114278313,
                "smape": 12.032291469507191
            },
            "full_model_coefficients": {
                "speed": 0.0,
                "power": 0.0,
                "intercept": 0.1739467668190725
            },
            "relative_importance": null,
            "hyperparameters": {
                "alpha": 1.0,
                "copy_X": true,
                "fit_intercept": true,
                "max_iter": 1000,
                "positive": false,
                "precompute": false,
                "random_state": null,
                "selection": "cyclic",
                "tol": 0.0001,
                "warm_start": false
            }
        },
        {
            "model": "rf",
            "full_model_metrics": {
                "mae": 0.008590338813823845,
                "rmse": 0.012643068860557197,
                "r2": 0.7311995035247105,
                "mape": 5.798659252470964,
                "smape": 5.512578309632299
            },
            "full_model_coefficients": {
                "speed": 0.09898707058179611,
                "power": 0.9010129294182039
            },
            "relative_importance": {
                "speed": 0.10383087311244066,
                "power": 0.8961691268875593
            },
            "hyperparameters": {
                "bootstrap": true,
                "ccp_alpha": 0.0,
                "criterion": "squared_error",
                "max_depth": null,
                "max_features": 1.0,
                "max_leaf_nodes": null,
                "max_samples": null,
                "min_impurity_decrease": 0.0,
                "min_samples_leaf": 1,
                "min_samples_split": 2,
                "min_weight_fraction_leaf": 0.0,
                "monotonic_cst": null,
                "n_estimators": 100,
                "n_jobs": null,
                "oob_score": false,
                "random_state": 42,
                "verbose": 0,
                "warm_start": false
            }
        },
        {
            "model": "xgboost",
            "full_model_metrics": {
                "mae": 0.008123408585533962,
                "rmse": 0.01151047206509515,
                "r2": 0.7772019783141079,
                "mape": 5.489254470760417,
                "smape": 5.365428366829715
            },
            "full_model_coefficients": {
                "speed": 0.057969093322753906,
                "power": 0.9420309066772461
            },
            "relative_importance": {
                "speed": 0.060941492543466064,
                "power": 0.939058507456534
            },
            "hyperparameters": {
                "objective": "reg:squarederror",
                "base_score": null,
                "booster": null,
                "callbacks": null,
                "colsample_bylevel": null,
                "colsample_bynode": null,
                "colsample_bytree": null,
                "device": null,