{
    "source": "data/LZGJLGX47PX057321.csv",
    "number_of_groups": 72,
    "group_sizes": [
        39,
        10,
        203,
        19,
        15,
        138,
        75,
        169,
        124,
        39,
        287,
        236,
        78,
        72,
        11,
        69,
        115,
        92,
        138,
        78,
        61,
        66,
        62,
        116,
        123,
        252,
        81,
        64,
        10,
        75,
        199,
        17,
        158,
        77,
        72,
        71,
        74,
        189,
        81,
        102,
        74,
        105,
        42,
        75,
        228,
        31,
        111,
        69,
        107,
        106,
        77,
        24,
        89,
        54,
        76,
        64,
        72,
        75,
        171,
        178,
        76,
        66,
        77,
        25,
        176,
        19,
        172,
        88,
        116,
        119,
        74,
        14
    ],
    "correlation_speed_power": 0.20107962761385206,
    "results": [
        {
            "model": "linear",
            "full_model_metrics": {
                "mae": 0.018595066351793563,
                "rmse": 0.028761013103716548,
                "r2": 0.6910080923928305,
                "mape": 8.874239476611498,
                "smape": 10.031620024539386
            },
            "full_model_coefficients": {
                "speed": -0.00010317745199374147,
                "power": 0.003526277885519735,
                "intercept": 0.010778404635586297
            },
            "relative_importance": {
                "speed": 0.016589118297244687,
                "power": 0.9834108817027554
            },
            "hyperparameters": {
                "copy_X": true,
                "fit_intercept": true,
                "n_jobs": null,
                "positive": false,
                "tol": 1e-06
            },
            "reduced_model_metrics_speed_only": {
                "mae": 0.047519579799088836,
                "rmse": 0.05398006164849774,
                "r2": -0.08844251725458485,
                "mape": 21.71776949714938,
                "smape": 21.270870337175158
            },
            "impact_removing_power_r2_drop": 0.7794506096474153,
            "reduced_model_metrics_power_only": {
                "mae": 0.018846505389480524,
                "rmse": 0.029684480246598668,
                "r2": 0.6708471317246262,
                "mape": 8.982191330033356,
                "smape": 10.227459575955605
            },
            "impact_removing_speed_r2_drop": 0.020160960668204275
        },
        {
            "model": "ridge",
            "full_model_metrics": {
                "mae": 0.01859300959002354,
                "rmse": 0.02875729695004867,
                "r2": 0.6910879357018518,
                "mape": 8.872977345439656,
                "smape": 10.030010720382073
            },
            "full_model_coefficients": {
                "speed": -0.00010328061573007982,
                "power": 0.0035259582401301805,
                "intercept": 0.010801738053496185
            },
            "relative_importance": {
                "speed": 0.016606910141614417,
                "power": 0.9833930898583856
            },
            "hyperparameters": {
                "alpha": 1.0,
                "copy_X": true,
                "fit_intercept": true,
                "max_iter": null,
                "positive": false,
                "random_state": null,
                "solver": "auto",
                "tol": 0.0001
            }
        },
        {
            "model": "lasso",
            "full_model_metrics": {
                "mae": 0.04486372055895427,
                "rmse": 0.05195194580000503,
                "r2": -0.008189992022714643,
                "mape": 20.43618385426416,
                "smape": 20.526734958809627
            },
            "full_model_coefficients": {
                "speed": -0.0,
                "power": 0.0,
                "intercept": 0.20989345509893453
            },
            "relative_importance": null,
            "hyperparameters": {
                "alpha": 1.0,
                "copy_X": true,
                "fit_intercept": true,
                "max_iter": 1000,
                "positive": false,
                "precompute": false,
                "random_state": null,
                "selection": "cyclic",
                "tol": 0.0001,
                "warm_start": false
            }
        },
        {
            "model": "rf",
            "full_model_metrics": {
                "mae": 0.018998868135848716,
                "rmse": 0.029858010507576225,
                "r2": 0.6669875435823266,
                "mape": 9.241317584495349,
                "smape": 10.514307767829397
            },
            "full_model_coefficients": {
                "speed": 0.02954035424430191,
                "power": 0.970459645755698
            },
            "relative_importance": {
                "speed": 0.0172465731344513,
                "power": 0.9827534268655488
            },
            "hyperparameters": {
                "bootstrap": true,
                "ccp_alpha": 0.0,
                "criterion": "squared_error",
                "max_depth": null,
                "max_features": 1.0,
                "max_leaf_nodes": null,
                "max_samples": null,
                "min_impurity_decrease": 0.0,
                "min_samples_leaf": 1,
                "min_samples_split": 2,
                "min_weight_fraction_leaf": 0.0,
                "monotonic_cst": null,
                "n_estimators": 100,
                "n_jobs": null,
                "oob_score": false,
                "random_state": 42,
                "verbose": 0,
                "warm_start": false
            }
        },
        {
            "model": "xgboost",
            "full_model_metrics": {
                "mae": 0.02576079613125787,
                "rmse": 0.03691922044351873,
                "r2": 0.4908522954711957,
                "mape": 12.574775251905605,
                "smape": 14.522700044659317
            },
            "full_model_coefficients": {
                "speed": 0.022324183955788612,
                "power": 0.9776758551597595
            },
            "relative_importance": {
                "speed": 0.012993340365652849,
                "power": 0.9870066596343472
            },
            "hyperparameters": {
                "objective": "reg:squarederror",
                "base_score": null,
                "booster": null,
                "callbacks": null,
                "colsample_bylevel": null,
                "colsample_bynode": null,
                "colsample_bytree": null,
                "device": null,
                "early_stopping_rounds": null,
                "enable_categorical": false,
                "eval_metric": null,
                "feature_types": null,
                "feature_weights": null,
                "gamma": null,
                "grow_policy": null,
                "importance_type": null,
                "interaction_constraints": null,
                "learning_rate": null,
                "max_bin": null,
                "max_cat_threshold": null,
                "max_cat_to_onehot": null,
                "max_delta_step": null,
                "max_depth": null,
                "max_leaves": null,
                "min_child_weight": null,
                "missing": NaN,
                "monotone_constraints": null,
                "multi_strategy": null,
                "n_estimators": 100,
                "n_jobs": null,
                "num_parallel_tree": null,
                "random_state": 42,
                "reg_alpha": null,
                "reg_lambda": null,
                "sampling_method": null,
                "scale_pos_weight": null,
                "subsample": null,