{
    "source": "data/LZGJL4840PX018129.csv",
    "number_of_groups": 171,
    "group_sizes": [
        110,
        50,
        27,
        44,
        33,
        34,
        38,
        17,
        98,
        24,
        106,
        41,
        18,
        13,
        108,
        25,
        76,
        21,
        10,
        44,
        23,
        44,
        26,
        15,
        90,
        112,
        22,
        13,
        114,
        45,
        10,
        44,
        22,
        27,
        50,
        22,
        26,
        90,
        47,
        29,
        13,
        107,
        29,
        30,
        60,
        45,
        37,
        74,
        29,
        24,
        119,
        23,
        38,
        130,
        73,
        41,
        19,
        82,
        25,
        20,
        95,
        35,
        10,
        11,
        130,
        99,
        42,
        25,
        41,
        29,
        21,
        112,
        38,
        11,
        13,
        125,
        87,
        11,
        47,
        37,
        51,
        29,
        85,
        69,
        11,
        58,
        21,
        11,
        20,
        24,
        29,
        73,
        32,
        95,
        50,
        11,
        95,
        23,
        55,
        55,
        49,
        28,
        12,
        115,
        31,
        32,
        26,
        12,
        40,
        49,
        84,
        22,
        24,
        65,
        20,
        72,
        84,
        14,
        51,
        15,
        13,
        25,
        116,
        13,
        11,
        106,
        39,
        20,
        11,
        47,
        38,
        31,
        19,
        92,
        19,
        21,
        127,
        16,
        13,
        116,
        129,
        10,
        49,
        40,
        61,
        72,
        92,
        133,
        24,
        126,
        88,
        19,
        29,
        12,
        44,
        17,
        94,
        63,
        140,
        38,
        25,
        93,
        44,
        97,
        11,
        45,
        22,
        104,
        60,
        147,
        34
    ],
    "correlation_speed_power": 0.8031345721759686,
    "results": [
        {
            "model": "linear",
            "full_model_metrics": {
                "mae": 0.04277930704750373,
                "rmse": 0.06464092200449752,
                "r2": 0.9120143220236516,
                "mape": 5.9155096427947385,
                "smape": 6.203641593587292
            },
            "full_model_coefficients": {
                "speed": 0.0008878881218769278,
                "power": 0.0065954442137060145,
                "intercept": 0.029632464254912727
            },
            "relative_importance": {
                "speed": 0.0617978715855363,
                "power": 0.9382021284144637
            },
            "hyperparameters": {
                "copy_X": true,
                "fit_intercept": true,
                "n_jobs": null,
                "positive": false,
                "tol": 1e-06
            },
            "reduced_model_metrics_speed_only": {
                "mae": 0.11226479045105357,
                "rmse": 0.13310821471674694,
                "r2": 0.6269160060545955,
                "mape": 19.479796863835663,
                "smape": 18.245568472157096
            },
            "impact_removing_power_r2_drop": 0.2850983159690561,
            "reduced_model_metrics_power_only": {
                "mae": 0.04373242727667835,
                "rmse": 0.06504911934747418,
                "r2": 0.910899581722714,
                "mape": 5.989616691341268,
                "smape": 6.241373898061936
            },
            "impact_removing_speed_r2_drop": 0.0011147403009376111
        },
        {
            "model": "ridge",
            "full_model_metrics": {
                "mae": 0.04277911639849752,
                "rmse": 0.06464071416980016,
                "r2": 0.9120148878091259,
                "mape": 5.915477793099411,
                "smape": 6.203599199255265
            },
            "full_model_coefficients": {
                "speed": 0.0008880976946672466,
                "power": 0.0065952916075013085,
                "intercept": 0.02963586011979502
            },
            "relative_importance": {
                "speed": 0.061812898271465196,
                "power": 0.9381871017285348
            },
            "hyperparameters": {
                "alpha": 1.0,
                "copy_X": true,
                "fit_intercept": true,
                "max_iter": null,
                "positive": false,
                "random_state": null,
                "solver": "auto",
                "tol": 0.0001
            }
        },
        {
            "model": "lasso",
            "full_model_metrics": {
                "mae": 0.06625394413486826,
                "rmse": 0.0795394447371909,
                "r2": 0.8667822759044421,
                "mape": 10.808856423807992,
                "smape": 10.480657444037137
            },
            "full_model_coefficients": {
                "speed": 0.0,
                "power": 0.00536242331759645,
                "intercept": 0.21267316354467125
            },
            "relative_importance": {
                "speed": 0.0,
                "power": 1.0
            },
            "hyperparameters": {
                "alpha": 1.0,
                "copy_X": true,
                "fit_intercept": true,
                "max_iter": 1000,
                "positive": false,
                "precompute": false,
                "random_state": null,
                "selection": "cyclic",
                "tol": 0.0001,
                "warm_start": false
            }
        },
        {
            "model": "rf",
            "full_model_metrics": {
                "mae": 0.03418173138091489,
                "rmse": 0.05789106015476983,
                "r2": 0.9294300343863595,
                "mape": 4.788564353903797,
                "smape": 4.989925557048391
            },
            "full_model_coefficients": {
                "speed": 0.023842533597525205,
                "power": 0.9761574664024748
            },
            "relative_importance": {
                "speed": 0.011809623494641448,
                "power": 0.9881903765053586
            },
            "hyperparameters": {
                "bootstrap": true,
                "ccp_alpha": 0.0,
                "criterion": "squared_error",
                "max_depth": null,
                "max_features": 1.0,
                "max_leaf_nodes": null,
                "max_samples": null,
                "min_impurity_decrease": 0.0,
                "min_samples_leaf": 1,
                "min_samples_split": 2,
                "min_weight_fraction_leaf": 0.0,
                "monotonic_cst": null,
                "n_estimators": 100,
                "n_jobs": null,
                "oob_score": false,
                "random_state": 42,
                "verbose": 0,
                "warm_start": false
            }
        },
        {
            "model": "xgboost",
            "full_model_metrics": {
                "mae": 0.03992197545555575,
                "rmse": 0.06626654215098605,
                "r2": 0.907533265902074,
                "mape": 5.695102655383166,
                "smape": 5.897198404883901
            },
            "full_model_coefficients": {
                "speed": 0.02209297940135002,
                "power": 0.9779070019721985
            },
            "relative_importance": {
                "speed": 0.010933149511449438,
                "power": 0.9890668504885505
            },
            "hyperparameters": {
                "objective": "reg:squarederror",
                "base_score": null,
                "booster": null,
                "callbacks": null,
                "colsample_bylevel": null,