{
    "source": "data/LZGJL4Z46PX053305.csv",
    "number_of_groups": 128,
    "group_sizes": [
        40,
        12,
        52,
        121,
        58,
        10,
        31,
        41,
        93,
        50,
        11,
        15,
        110,
        40,
        56,
        27,
        11,
        24,
        37,
        10,
        102,
        60,
        16,
        175,
        153,
        12,
        56,
        10,
        23,
        13,
        62,
        103,
        59,
        87,
        72,
        40,
        14,
        29,
        12,
        107,
        44,
        10,
        122,
        49,
        105,
        47,
        74,
        68,
        38,
        10,
        34,
        12,
        90,
        79,
        50,
        217,
        10,
        41,
        24,
        103,
        51,
        14,
        88,
        58,
        22,
        15,
        65,
        64,
        14,
        46,
        19,
        48,
        26,
        54,
        12,
        90,
        20,
        44,
        59,
        52,
        24,
        60,
        63,
        36,
        68,
        68,
        17,
        135,
        15,
        32,
        34,
        62,
        65,
        30,
        20,
        160,
        10,
        56,
        77,
        50,
        30,
        56,
        110,
        17,
        14,
        95,
        31,
        62,
        28,
        12,
        53,
        63,
        11,
        18,
        97,
        55,
        31,
        54,
        119,
        49,
        54,
        125,
        28,
        45,
        109,
        13,
        55,
        54
    ],
    "correlation_speed_power": 0.37391087989420757,
    "results": [
        {
            "model": "linear",
            "full_model_metrics": {
                "mae": 0.02332746639942992,
                "rmse": 0.028193101913588446,
                "r2": 0.8850097909712379,
                "mape": 9.548090201509405,
                "smape": 9.702999454198876
            },
            "full_model_coefficients": {
                "speed": 0.00021061487293495536,
                "power": 0.0031328233910876075,
                "intercept": 0.024234768728013445
            },
            "relative_importance": {
                "speed": 0.019871993354391878,
                "power": 0.9801280066456082
            },
            "hyperparameters": {
                "copy_X": true,
                "fit_intercept": true,
                "n_jobs": null,
                "positive": false,
                "tol": 1e-06
            },
            "reduced_model_metrics_speed_only": {
                "mae": 0.061630164279508286,
                "rmse": 0.07783519181959665,
                "r2": 0.12355000878129285,
                "mape": 31.664086838422218,
                "smape": 24.552495029575493
            },
            "impact_removing_power_r2_drop": 0.761459782189945,
            "reduced_model_metrics_power_only": {
                "mae": 0.02325059015436121,
                "rmse": 0.02795323669658786,
                "r2": 0.8869581269778439,
                "mape": 9.568213103358945,
                "smape": 9.687732186000861
            },
            "impact_removing_speed_r2_drop": -0.001948336006606044
        },
        {
            "model": "ridge",
            "full_model_metrics": {
                "mae": 0.02332736816046351,
                "rmse": 0.028192807887416932,
                "r2": 0.8850121894270533,
                "mape": 9.54813076327581,
                "smape": 9.702960339410868
            },
            "full_model_coefficients": {
                "speed": 0.0002106401574870402,
                "power": 0.0031327627905090617,
                "intercept": 0.024239124674354018
            },
            "relative_importance": {
                "speed": 0.019874708407054215,
                "power": 0.9801252915929458
            },
            "hyperparameters": {
                "alpha": 1.0,
                "copy_X": true,
                "fit_intercept": true,
                "max_iter": null,
                "positive": false,
                "random_state": null,
                "solver": "auto",
                "tol": 0.0001
            }
        },
        {
            "model": "lasso",
            "full_model_metrics": {
                "mae": 0.045146122333801816,
                "rmse": 0.05805471724578411,
                "r2": 0.5124151878105949,
                "mape": 23.944086221344595,
                "smape": 19.08646583373967
            },
            "full_model_coefficients": {
                "speed": 0.0,
                "power": 0.0012052549320193974,
                "intercept": 0.20236062958680096
            },
            "relative_importance": {
                "speed": 0.0,
                "power": 1.0
            },
            "hyperparameters": {
                "alpha": 1.0,
                "copy_X": true,
                "fit_intercept": true,
                "max_iter": 1000,
                "positive": false,
                "precompute": false,
                "random_state": null,
                "selection": "cyclic",
                "tol": 0.0001,
                "warm_start": false
            }
        },
        {
            "model": "rf",
            "full_model_metrics": {
                "mae": 0.02747127441950352,
                "rmse": 0.03200619636281147,
                "r2": 0.851801682990374,
                "mape": 11.725457934423627,
                "smape": 11.090971961203172
            },
            "full_model_coefficients": {
                "speed": 0.049481132822253165,
                "power": 0.9505188671777469
            },
            "relative_importance": {
                "speed": 0.015456785705732038,
                "power": 0.984543214294268
            },
            "hyperparameters": {
                "bootstrap": true,
                "ccp_alpha": 0.0,
                "criterion": "squared_error",
                "max_depth": null,
                "max_features": 1.0,
                "max_leaf_nodes": null,
                "max_samples": null,
                "min_impurity_decrease": 0.0,
                "min_samples_leaf": 1,
                "min_samples_split": 2,
                "min_weight_fraction_leaf": 0.0,
                "monotonic_cst": null,
                "n_estimators": 100,
                "n_jobs": null,
                "oob_score": false,
                "random_state": 42,
                "verbose": 0,
                "warm_start": false
            }
        },
        {
            "model": "xgboost",
            "full_model_metrics": {
                "mae": 0.024091951477736098,
                "rmse": 0.029957206454065206,
                "r2": 0.8701691902489376,
                "mape": 9.841284648373353,
                "smape": 9.869000548802914
            },
            "full_model_coefficients": {
                "speed": 0.031753845512866974,
                "power": 0.9682461023330688
            },
            "relative_importance": {
                "speed": 0.009793587662623846,
                "power": 0.9902064123373762
            },
            "hyperparameters": {
                "objective": "reg:squarederror",
                "base_score": null,
                "booster": null,
                "callbacks": null,
                "colsample_bylevel": null,
                "colsample_bynode": null,
                "colsample_bytree": null,
                "device": null,
                "early_stopping_rounds": null,
                "enable_categorical": false,
                "eval_metric": null,
                "feature_types": null,
                "feature_weights": null,
                "gamma": null,
                "grow_policy": null,
                "importance_type": null,
                "interaction_constraints": null,
                "learning_rate": null,