{
    "source": "data/LZGJLGX47PX044178.csv",
    "number_of_groups": 178,
    "group_sizes": [
        52,
        12,
        71,
        83,
        158,
        50,
        45,
        17,
        104,
        18,
        26,
        70,
        113,
        123,
        15,
        99,
        10,
        17,
        75,
        51,
        36,
        40,
        97,
        11,
        29,
        10,
        15,
        31,
        91,
        75,
        13,
        68,
        57,
        17,
        81,
        82,
        93,
        101,
        69,
        29,
        90,
        11,
        67,
        52,
        14,
        24,
        12,
        122,
        32,
        44,
        15,
        22,
        19,
        98,
        121,
        92,
        81,
        98,
        16,
        76,
        53,
        28,
        104,
        22,
        24,
        43,
        111,
        49,
        101,
        67,
        18,
        88,
        94,
        10,
        59,
        109,
        46,
        46,
        11,
        10,
        23,
        62,
        29,
        25,
        61,
        77,
        50,
        98,
        21,
        130,
        51,
        52,
        12,
        68,
        20,
        65,
        71,
        32,
        129,
        33,
        16,
        51,
        126,
        74,
        37,
        86,
        17,
        53,
        131,
        75,
        19,
        72,
        102,
        81,
        32,
        36,
        23,
        18,
        30,
        43,
        86,
        37,
        12,
        157,
        56,
        26,
        109,
        85,
        12,
        76,
        21,
        29,
        74,
        123,
        40,
        24,
        10,
        10,
        37,
        119,
        17,
        96,
        43,
        70,
        36,
        37,
        10,
        133,
        11,
        150,
        51,
        58,
        111,
        18,
        19,
        80,
        14,
        69,
        70,
        118,
        80,
        18,
        58,
        113,
        101,
        97,
        25,
        65,
        135,
        70,
        81,
        38,
        10,
        12,
        19,
        113,
        140,
        60
    ],
    "correlation_speed_power": 0.4584163154040106,
    "results": [
        {
            "model": "linear",
            "full_model_metrics": {
                "mae": 0.018680361546156786,
                "rmse": 0.02676758400879084,
                "r2": 0.7745054570100409,
                "mape": 13.130447173915766,
                "smape": 11.1159616701483
            },
            "full_model_coefficients": {
                "speed": 0.0001657531744731331,
                "power": 0.0034877443344096975,
                "intercept": 0.0012936160919464479
            },
            "relative_importance": {
                "speed": 0.026616087084764106,
                "power": 0.9733839129152358
            },
            "hyperparameters": {
                "copy_X": true,
                "fit_intercept": true,
                "n_jobs": null,
                "positive": false,
                "tol": 1e-06
            },
            "reduced_model_metrics_speed_only": {
                "mae": 0.03866249310570385,
                "rmse": 0.049348283944760374,
                "r2": 0.23358887975044607,
                "mape": 26.935034165001714,
                "smape": 21.281259708082025
            },
            "impact_removing_power_r2_drop": 0.5409165772595949,
            "reduced_model_metrics_power_only": {
                "mae": 0.018983958792077357,
                "rmse": 0.02721346077260266,
                "r2": 0.7669306109056208,
                "mape": 13.538928079871562,
                "smape": 11.346454287747504
            },
            "impact_removing_speed_r2_drop": 0.007574846104420163
        },
        {
            "model": "ridge",
            "full_model_metrics": {
                "mae": 0.018680675247110066,
                "rmse": 0.026768124284359852,
                "r2": 0.7744963541771532,
                "mape": 13.130862152485856,
                "smape": 11.11622989564356
            },
            "full_model_coefficients": {
                "speed": 0.00016582388651985525,
                "power": 0.0034875676758366423,
                "intercept": 0.0013015231253690196
            },
            "relative_importance": {
                "speed": 0.026628452294450197,
                "power": 0.9733715477055498
            },
            "hyperparameters": {
                "alpha": 1.0,
                "copy_X": true,
                "fit_intercept": true,
                "max_iter": null,
                "positive": false,
                "random_state": null,
                "solver": "auto",
                "tol": 0.0001
            }
        },
        {
            "model": "lasso",
            "full_model_metrics": {
                "mae": 0.04192666263615736,
                "rmse": 0.0597945424682697,
                "r2": -0.12522865117103876,
                "mape": 32.87236865753085,
                "smape": 22.507173169916634
            },
            "full_model_coefficients": {
                "speed": 0.0,
                "power": 0.0,
                "intercept": 0.2257670474958684
            },
            "relative_importance": null,
            "hyperparameters": {
                "alpha": 1.0,
                "copy_X": true,
                "fit_intercept": true,
                "max_iter": 1000,
                "positive": false,
                "precompute": false,
                "random_state": null,
                "selection": "cyclic",
                "tol": 0.0001,
                "warm_start": false
            }
        },
        {
            "model": "rf",
            "full_model_metrics": {
                "mae": 0.023361549998595462,
                "rmse": 0.03506434425931346,
                "r2": 0.6130550966750987,
                "mape": 17.301825253553062,
                "smape": 13.459692767288137
            },
            "full_model_coefficients": {
                "speed": 0.059661779045723604,
                "power": 0.9403382209542763
            },
            "relative_importance": {
                "speed": 0.03521952136767448,
                "power": 0.9647804786323255
            },
            "hyperparameters": {
                "bootstrap": true,
                "ccp_alpha": 0.0,
                "criterion": "squared_error",
                "max_depth": null,
                "max_features": 1.0,
                "max_leaf_nodes": null,
                "max_samples": null,
                "min_impurity_decrease": 0.0,
                "min_samples_leaf": 1,
                "min_samples_split": 2,
                "min_weight_fraction_leaf": 0.0,
                "monotonic_cst": null,
                "n_estimators": 100,
                "n_jobs": null,
                "oob_score": false,
                "random_state": 42,
                "verbose": 0,
                "warm_start": false
            }
        },
        {
            "model": "xgboost",
            "full_model_metrics": {
                "mae": 0.021455286438043484,
                "rmse": 0.03431900898077905,
                "r2": 0.6293302335855839,
                "mape": 15.574986479830066,
                "smape": 12.139562069526324
            },
            "full_model_coefficients": {
                "speed": 0.0353037528693676,
                "power": 0.9646962285041809
            },
            "relative_importance": {
                "speed": 0.020621659911764754,
                "power": 0.9793783400882352
            },
            "hyperparameters": {
                "objective": "reg:squarederror",
                "base_score": null,
                "booster": null,
                "callbacks": null,
                "colsample_bylevel": null,