{
    "source": "data/LZGCD2L12PX023680.csv",
    "number_of_groups": 160,
    "group_sizes": [
        155,
        201,
        184,
        161,
        194,
        196,
        190,
        193,
        183,
        165,
        164,
        190,
        187,
        189,
        184,
        79,
        100,
        180,
        173,
        180,
        183,
        160,
        163,
        192,
        181,
        159,
        27,
        138,
        166,
        54,
        106,
        188,
        187,
        186,
        174,
        184,
        188,
        184,
        50,
        11,
        190,
        81,
        15,
        114,
        191,
        177,
        157,
        127,
        35,
        190,
        174,
        195,
        189,
        157,
        195,
        28,
        136,
        179,
        190,
        190,
        183,
        176,
        157,
        181,
        184,
        179,
        190,
        168,
        174,
        181,
        190,
        186,
        185,
        160,
        182,
        163,
        193,
        168,
        169,
        162,
        198,
        175,
        183,
        184,
        169,
        188,
        162,
        185,
        133,
        60,
        122,
        70,
        187,
        179,
        182,
        176,
        182,
        179,
        170,
        155,
        184,
        181,
        185,
        176,
        29,
        31,
        178,
        174,
        29,
        31,
        171,
        179,
        192,
        159,
        189,
        187,
        31,
        29,
        29,
        33,
        189,
        174,
        28,
        29,
        32,
        29,
        185,
        179,
        34,
        140,
        182,
        192,
        178,
        193,
        185,
        195,
        181,
        27,
        27,
        34,
        29,
        188,
        181,
        192,
        184,
        187,
        194,
        31,
        30,
        31,
        26,
        31,
        29,
        29,
        33,
        29,
        195,
        178,
        189,
        121
    ],
    "correlation_speed_power": 0.9063688204012326,
    "results": [
        {
            "model": "linear",
            "full_model_metrics": {
                "mae": 0.007615019681560018,
                "rmse": 0.010002736462320127,
                "r2": 0.831747039950031,
                "mape": 5.149179185590076,
                "smape": 5.029855353161813
            },
            "full_model_coefficients": {
                "speed": -0.0007272064533996494,
                "power": 0.0033793246276068384,
                "intercept": 0.04004303157018388
            },
            "relative_importance": {
                "speed": 0.18496624683605822,
                "power": 0.8150337531639418
            },
            "hyperparameters": {
                "copy_X": true,
                "fit_intercept": true,
                "n_jobs": null,
                "positive": false,
                "tol": 1e-06
            },
            "reduced_model_metrics_speed_only": {
                "mae": 0.015097213816625666,
                "rmse": 0.018264134274908785,
                "r2": 0.4390511751103936,
                "mape": 9.302057115881137,
                "smape": 9.448893727629457
            },
            "impact_removing_power_r2_drop": 0.39269586483963737,
            "reduced_model_metrics_power_only": {
                "mae": 0.008939482796004102,
                "rmse": 0.010827149864054275,
                "r2": 0.8028697121439564,
                "mape": 5.885165370813601,
                "smape": 5.919887220418085
            },
            "impact_removing_speed_r2_drop": 0.02887732780607455
        },
        {
            "model": "ridge",
            "full_model_metrics": {
                "mae": 0.007615037503571684,
                "rmse": 0.010002736557941845,
                "r2": 0.8317470367331837,
                "mape": 5.149187893982296,
                "smape": 5.029865872875946
            },
            "full_model_coefficients": {
                "speed": -0.0007271918600921007,
                "power": 0.003379311659062384,
                "intercept": 0.0400428045625473
            },
            "relative_importance": {
                "speed": 0.18496380008436158,
                "power": 0.8150361999156385
            },
            "hyperparameters": {
                "alpha": 1.0,
                "copy_X": true,
                "fit_intercept": true,
                "max_iter": null,
                "positive": false,
                "random_state": null,
                "solver": "auto",
                "tol": 0.0001
            }
        },
        {
            "model": "lasso",
            "full_model_metrics": {
                "mae": 0.020038723787348146,
                "rmse": 0.026454709606608413,
                "r2": -0.1768769505180372,
                "mape": 13.309081427135915,
                "smape": 12.185697818914086
            },
            "full_model_coefficients": {
                "speed": 0.0,
                "power": 0.0,
                "intercept": 0.17481484600707944
            },
            "relative_importance": null,
            "hyperparameters": {
                "alpha": 1.0,
                "copy_X": true,
                "fit_intercept": true,
                "max_iter": 1000,
                "positive": false,
                "precompute": false,
                "random_state": null,
                "selection": "cyclic",
                "tol": 0.0001,
                "warm_start": false
            }
        },
        {
            "model": "rf",
            "full_model_metrics": {
                "mae": 0.008549915744491382,
                "rmse": 0.012416509626732497,
                "r2": 0.7407468039531229,
                "mape": 5.753939008249954,
                "smape": 5.475453162295571
            },
            "full_model_coefficients": {
                "speed": 0.09998687389120552,
                "power": 0.9000131261087945
            },
            "relative_importance": {
                "speed": 0.10487390594215804,
                "power": 0.8951260940578419
            },
            "hyperparameters": {
                "bootstrap": true,
                "ccp_alpha": 0.0,
                "criterion": "squared_error",
                "max_depth": null,
                "max_features": 1.0,
                "max_leaf_nodes": null,
                "max_samples": null,
                "min_impurity_decrease": 0.0,
                "min_samples_leaf": 1,
                "min_samples_split": 2,
                "min_weight_fraction_leaf": 0.0,
                "monotonic_cst": null,
                "n_estimators": 100,
                "n_jobs": null,
                "oob_score": false,
                "random_state": 42,
                "verbose": 0,
                "warm_start": false
            }
        },
        {
            "model": "xgboost",
            "full_model_metrics": {
                "mae": 0.008624701445640485,
                "rmse": 0.011944337715362772,
                "r2": 0.760089526319655,
                "mape": 5.804241534143184,
                "smape": 5.678919211996676
            },
            "full_model_coefficients": {
                "speed": 0.05901579558849335,
                "power": 0.9409842491149902
            },
            "relative_importance": {
                "speed": 0.06203832781047204,
                "power": 0.937961672189528
            },
            "hyperparameters": {
                "objective": "reg:squarederror",
                "base_score": null,
                "booster": null,
                "callbacks": null,
                "colsample_bylevel": null,
                "colsample_bynode": null,
                "colsample_bytree": null,
                "device": null,