{
    "source": "data/LZGJLGX47PX044178.csv",
    "number_of_groups": 178,
    "group_sizes": [
        52,
        12,
        71,
        83,
        158,
        50,
        45,
        17,
        104,
        18,
        26,
        70,
        113,
        123,
        15,
        99,
        10,
        17,
        75,
        51,
        36,
        40,
        97,
        11,
        29,
        10,
        15,
        31,
        91,
        75,
        13,
        68,
        57,
        17,
        81,
        82,
        93,
        101,
        69,
        29,
        90,
        11,
        67,
        52,
        14,
        24,
        12,
        122,
        32,
        44,
        15,
        22,
        19,
        98,
        121,
        92,
        81,
        98,
        16,
        76,
        53,
        28,
        104,
        22,
        24,
        43,
        111,
        49,
        101,
        67,
        18,
        88,
        94,
        10,
        59,
        109,
        46,
        46,
        11,
        10,
        23,
        62,
        29,
        25,
        61,
        77,
        50,
        98,
        21,
        130,
        51,
        52,
        12,
        68,
        20,
        65,
        71,
        32,
        129,
        33,
        16,
        51,
        126,
        74,
        37,
        86,
        17,
        53,
        131,
        75,
        19,
        72,
        102,
        81,
        32,
        36,
        23,
        18,
        30,
        43,
        86,
        37,
        12,
        157,
        56,
        26,
        109,
        85,
        12,
        76,
        21,
        29,
        74,
        123,
        40,
        24,
        10,
        10,
        37,
        119,
        17,
        96,
        43,
        70,
        36,
        37,
        10,
        133,
        11,
        150,
        51,
        58,
        111,
        18,
        19,
        80,
        14,
        69,
        70,
        118,
        80,
        18,
        58,
        113,
        101,
        97,
        25,
        65,
        135,
        70,
        81,
        38,
        10,
        12,
        19,
        113,
        140,
        60
    ],
    "correlation_speed_power": 0.4584163154040106,
    "results": [
        {
            "model": "linear",
            "full_model_metrics": {
                "mae": 0.018829945248613613,
                "rmse": 0.02704596663082165,
                "r2": 0.7697907853102377,
                "mape": 13.372442138411223,
                "smape": 11.240395101194132
            },
            "full_model_coefficients": {
                "speed": 7.433625655354408e-05,
                "power": 0.0035071364532106744,
                "intercept": 0.004439602300443296
            },
            "relative_importance": {
                "speed": 0.012048321796122327,
                "power": 0.9879516782038776
            },
            "hyperparameters": {
                "copy_X": true,
                "fit_intercept": true,
                "n_jobs": null,
                "positive": false,
                "tol": 1e-06
            },
            "reduced_model_metrics_speed_only": {
                "mae": 0.03880564204899859,
                "rmse": 0.04982576660476449,
                "r2": 0.21868589202921485,
                "mape": 27.287916854994933,
                "smape": 21.34979056834115
            },
            "impact_removing_power_r2_drop": 0.5511048932810229,
            "reduced_model_metrics_power_only": {
                "mae": 0.018966157416869692,
                "rmse": 0.027258437546991202,
                "r2": 0.766159568073972,
                "mape": 13.557097643244695,
                "smape": 11.343052476049047
            },
            "impact_removing_speed_r2_drop": 0.0036312172362656936
        },
        {
            "model": "ridge",
            "full_model_metrics": {
                "mae": 0.01882995003010154,
                "rmse": 0.027045975171907252,
                "r2": 0.7697906399105967,
                "mape": 13.372448477935745,
                "smape": 11.240399166438449
            },
            "full_model_coefficients": {
                "speed": 7.433780364293111e-05,
                "power": 0.003507133371916009,
                "intercept": 0.004439726727490989
            },
            "relative_importance": {
                "speed": 0.012048579983217232,
                "power": 0.9879514200167827
            },
            "hyperparameters": {
                "alpha": 1.0,
                "copy_X": true,
                "fit_intercept": true,
                "max_iter": null,
                "positive": false,
                "random_state": null,
                "solver": "auto",
                "tol": 0.0001
            }
        },
        {
            "model": "lasso",
            "full_model_metrics": {
                "mae": 0.042088753085953064,
                "rmse": 0.06012597728364952,
                "r2": -0.13773726878544368,
                "mape": 33.085769273977085,
                "smape": 22.56647396578411
            },
            "full_model_coefficients": {
                "speed": 0.0,
                "power": 0.0,
                "intercept": 0.22673959019464263
            },
            "relative_importance": null,
            "hyperparameters": {
                "alpha": 1.0,
                "copy_X": true,
                "fit_intercept": true,
                "max_iter": 1000,
                "positive": false,
                "precompute": false,
                "random_state": null,
                "selection": "cyclic",
                "tol": 0.0001,
                "warm_start": false
            }
        },
        {
            "model": "rf",
            "full_model_metrics": {
                "mae": 0.02321242951448794,
                "rmse": 0.03497128048513704,
                "r2": 0.6151063408272222,
                "mape": 17.202058272574806,
                "smape": 13.380831377235076
            },
            "full_model_coefficients": {
                "speed": 0.061018113727578836,
                "power": 0.9389818862724212
            },
            "relative_importance": {
                "speed": 0.03604148999993989,
                "power": 0.96395851000006
            },
            "hyperparameters": {
                "bootstrap": true,
                "ccp_alpha": 0.0,
                "criterion": "squared_error",
                "max_depth": null,
                "max_features": 1.0,
                "max_leaf_nodes": null,
                "max_samples": null,
                "min_impurity_decrease": 0.0,
                "min_samples_leaf": 1,
                "min_samples_split": 2,
                "min_weight_fraction_leaf": 0.0,
                "monotonic_cst": null,
                "n_estimators": 100,
                "n_jobs": null,
                "oob_score": false,
                "random_state": 42,
                "verbose": 0,
                "warm_start": false
            }
        },
        {
            "model": "xgboost",
            "full_model_metrics": {
                "mae": 0.02335643722415899,
                "rmse": 0.03847000190383219,
                "r2": 0.5342400910364986,
                "mape": 16.529805820469846,
                "smape": 12.775672772164334
            },
            "full_model_coefficients": {
                "speed": 0.046549636870622635,
                "power": 0.9534503221511841
            },
            "relative_importance": {
                "speed": 0.027323081008434176,
                "power": 0.9726769189915658
            },
            "hyperparameters": {
                "objective": "reg:squarederror",
                "base_score": null,
                "booster": null,
                "callbacks": null,
                "colsample_bylevel": null,