{
    "source": "data/LZGJL4849PX060444.csv",
    "number_of_groups": 114,
    "group_sizes": [
        18,
        17,
        15,
        16,
        23,
        19,
        17,
        22,
        16,
        16,
        16,
        33,
        23,
        17,
        17,
        12,
        19,
        15,
        15,
        17,
        15,
        15,
        17,
        17,
        15,
        21,
        19,
        12,
        15,
        14,
        14,
        16,
        36,
        17,
        14,
        14,
        11,
        17,
        22,
        17,
        10,
        15,
        15,
        17,
        19,
        17,
        16,
        16,
        15,
        12,
        14,
        14,
        28,
        22,
        13,
        11,
        18,
        17,
        20,
        16,
        24,
        18,
        18,
        15,
        14,
        16,
        20,
        31,
        22,
        29,
        21,
        17,
        26,
        31,
        15,
        19,
        23,
        22,
        22,
        18,
        16,
        16,
        50,
        10,
        13,
        16,
        15,
        98,
        12,
        21,
        27,
        19,
        19,
        13,
        19,
        11,
        21,
        16,
        16,
        17,
        17,
        16,
        16,
        12,
        40,
        46,
        37,
        27,
        26,
        23,
        18,
        21,
        12,
        15
    ],
    "correlation_speed_power": -0.15209642034167872,
    "results": [
        {
            "model": "linear",
            "full_model_metrics": {
                "mae": 0.04082315688136886,
                "rmse": 0.05035213426061888,
                "r2": 0.7467761008135271,
                "mape": 11.050008699565453,
                "smape": 10.70304226305856
            },
            "full_model_coefficients": {
                "speed": 0.0016217055518033179,
                "power": 0.0053014290943473935,
                "intercept": 0.0685933550509974
            },
            "relative_importance": {
                "speed": 0.07983823728215797,
                "power": 0.920161762717842
            },
            "hyperparameters": {
                "copy_X": true,
                "fit_intercept": true,
                "n_jobs": null,
                "positive": false,
                "tol": 1e-06
            },
            "reduced_model_metrics_speed_only": {
                "mae": 0.08879146687758062,
                "rmse": 0.10441519355495132,
                "r2": -0.08892086734404225,
                "mape": 24.674939588929536,
                "smape": 23.457343114807934
            },
            "impact_removing_power_r2_drop": 0.8356969681575693,
            "reduced_model_metrics_power_only": {
                "mae": 0.04486489610968397,
                "rmse": 0.05484057420760664,
                "r2": 0.6996186868657699,
                "mape": 12.266980574545308,
                "smape": 11.786459963570577
            },
            "impact_removing_speed_r2_drop": 0.04715741394775719
        },
        {
            "model": "ridge",
            "full_model_metrics": {
                "mae": 0.040823184144100695,
                "rmse": 0.05035214830077838,
                "r2": 0.7467759595959012,
                "mape": 11.05002012498471,
                "smape": 10.703051626332645
            },
            "full_model_coefficients": {
                "speed": 0.0016216871562017088,
                "power": 0.0053014203779126225,
                "intercept": 0.06859418851874455
            },
            "relative_importance": {
                "speed": 0.07983752473748568,
                "power": 0.9201624752625144
            },
            "hyperparameters": {
                "alpha": 1.0,
                "copy_X": true,
                "fit_intercept": true,
                "max_iter": null,
                "positive": false,
                "random_state": null,
                "solver": "auto",
                "tol": 0.0001
            }
        },
        {
            "model": "lasso",
            "full_model_metrics": {
                "mae": 0.056974593673208306,
                "rmse": 0.06963820685996143,
                "r2": 0.5156446688668973,
                "mape": 16.36425677271398,
                "smape": 15.384048805700129
            },
            "full_model_coefficients": {
                "speed": 0.0,
                "power": 0.0021689510908977252,
                "intercept": 0.2673164647680371
            },
            "relative_importance": {
                "speed": 0.0,
                "power": 1.0
            },
            "hyperparameters": {
                "alpha": 1.0,
                "copy_X": true,
                "fit_intercept": true,
                "max_iter": 1000,
                "positive": false,
                "precompute": false,
                "random_state": null,
                "selection": "cyclic",
                "tol": 0.0001,
                "warm_start": false
            }
        },
        {
            "model": "rf",
            "full_model_metrics": {
                "mae": 0.04095549234198415,
                "rmse": 0.05359513578154251,
                "r2": 0.7131071824197588,
                "mape": 11.764566622787118,
                "smape": 11.364879269160584
            },
            "full_model_coefficients": {
                "speed": 0.10297369294670354,
                "power": 0.8970263070532964
            },
            "relative_importance": {
                "speed": 0.03153358756308366,
                "power": 0.9684664124369164
            },
            "hyperparameters": {
                "bootstrap": true,
                "ccp_alpha": 0.0,
                "criterion": "squared_error",
                "max_depth": null,
                "max_features": 1.0,
                "max_leaf_nodes": null,
                "max_samples": null,
                "min_impurity_decrease": 0.0,
                "min_samples_leaf": 1,
                "min_samples_split": 2,
                "min_weight_fraction_leaf": 0.0,
                "monotonic_cst": null,
                "n_estimators": 100,
                "n_jobs": null,
                "oob_score": false,
                "random_state": 42,
                "verbose": 0,
                "warm_start": false
            }
        },
        {
            "model": "xgboost",
            "full_model_metrics": {
                "mae": 0.04768785999864393,
                "rmse": 0.05449537404368706,
                "r2": 0.7033883530502665,
                "mape": 13.46045227270332,
                "smape": 13.3622353426428
            },
            "full_model_coefficients": {
                "speed": 0.08367504179477692,
                "power": 0.9163249135017395
            },
            "relative_importance": {
                "speed": 0.02524694078952775,
                "power": 0.9747530592104723
            },
            "hyperparameters": {
                "objective": "reg:squarederror",
                "base_score": null,
                "booster": null,
                "callbacks": null,
                "colsample_bylevel": null,
                "colsample_bynode": null,
                "colsample_bytree": null,
                "device": null,
                "early_stopping_rounds": null,
                "enable_categorical": false,
                "eval_metric": null,
                "feature_types": null,
                "feature_weights": null,
                "gamma": null,
                "grow_policy": null,
                "importance_type": null,
                "interaction_constraints": null,
                "learning_rate": null,
                "max_bin": null,
                "max_cat_threshold": null,
                "max_cat_to_onehot": null,
                "max_delta_step": null,
                "max_depth": null,