{
    "source": "data/LZGJL4846PX008768.csv",
    "number_of_groups": 117,
    "group_sizes": [
        70,
        97,
        122,
        11,
        138,
        130,
        126,
        40,
        137,
        65,
        90,
        152,
        98,
        159,
        123,
        19,
        65,
        203,
        178,
        86,
        179,
        189,
        111,
        184,
        90,
        76,
        53,
        16,
        54,
        89,
        40,
        30,
        143,
        21,
        101,
        45,
        78,
        21,
        56,
        76,
        186,
        202,
        195,
        62,
        35,
        40,
        170,
        155,
        39,
        172,
        121,
        113,
        38,
        25,
        120,
        49,
        151,
        64,
        44,
        32,
        84,
        47,
        180,
        27,
        210,
        130,
        129,
        10,
        71,
        10,
        39,
        143,
        174,
        99,
        238,
        294,
        10,
        10,
        13,
        17,
        20,
        47,
        32,
        69,
        13,
        14,
        26,
        36,
        18,
        99,
        76,
        19,
        47,
        133,
        64,
        111,
        63,
        81,
        16,
        25,
        11,
        117,
        43,
        133,
        655,
        21,
        100,
        24,
        137,
        186,
        247,
        94,
        39,
        25,
        84,
        14,
        18
    ],
    "correlation_speed_power": 0.42295383206203013,
    "results": [
        {
            "model": "linear",
            "full_model_metrics": {
                "mae": 0.08842420211448306,
                "rmse": 0.11818340901192981,
                "r2": 0.9175662692416406,
                "mape": 9.053439198986634,
                "smape": 9.140701009585365
            },
            "full_model_coefficients": {
                "speed": 0.0021866928800292787,
                "power": 0.00554056651646214,
                "intercept": 0.00033289444624073905
            },
            "relative_importance": {
                "speed": 0.10446094078909124,
                "power": 0.8955390592109087
            },
            "hyperparameters": {
                "copy_X": true,
                "fit_intercept": true,
                "n_jobs": null,
                "positive": false,
                "tol": 1e-06
            },
            "reduced_model_metrics_speed_only": {
                "mae": 0.24749275011029095,
                "rmse": 0.3686893285221765,
                "r2": 0.19774383327586043,
                "mape": 30.91785791838259,
                "smape": 29.679612295622697
            },
            "impact_removing_power_r2_drop": 0.7198224359657802,
            "reduced_model_metrics_power_only": {
                "mae": 0.09928892166239837,
                "rmse": 0.12061093015951993,
                "r2": 0.9141450651834939,
                "mape": 11.998618351688213,
                "smape": 11.700419920652315
            },
            "impact_removing_speed_r2_drop": 0.0034212040581467207
        },
        {
            "model": "ridge",
            "full_model_metrics": {
                "mae": 0.08842421776827625,
                "rmse": 0.11818342100548043,
                "r2": 0.9175662525104736,
                "mape": 9.053442485637476,
                "smape": 9.140704169117129
            },
            "full_model_coefficients": {
                "speed": 0.002186691800354897,
                "power": 0.005540566284344112,
                "intercept": 0.00033298269013237736
            },
            "relative_importance": {
                "speed": 0.10446089851872668,
                "power": 0.8955391014812734
            },
            "hyperparameters": {
                "alpha": 1.0,
                "copy_X": true,
                "fit_intercept": true,
                "max_iter": null,
                "positive": false,
                "random_state": null,
                "solver": "auto",
                "tol": 0.0001
            }
        },
        {
            "model": "lasso",
            "full_model_metrics": {
                "mae": 0.11419460567174833,
                "rmse": 0.14168637864482353,
                "r2": 0.881519158540282,
                "mape": 14.641492758294868,
                "smape": 13.884396895364844
            },
            "full_model_coefficients": {
                "speed": 0.0,
                "power": 0.0053058357599084435,
                "intercept": 0.15050357060494635
            },
            "relative_importance": {
                "speed": 0.0,
                "power": 1.0
            },
            "hyperparameters": {
                "alpha": 1.0,
                "copy_X": true,
                "fit_intercept": true,
                "max_iter": 1000,
                "positive": false,
                "precompute": false,
                "random_state": null,
                "selection": "cyclic",
                "tol": 0.0001,
                "warm_start": false
            }
        },
        {
            "model": "rf",
            "full_model_metrics": {
                "mae": 0.10509556590407028,
                "rmse": 0.14166986400486764,
                "r2": 0.8815467766419611,
                "mape": 12.254556316162208,
                "smape": 11.886445162578124
            },
            "full_model_coefficients": {
                "speed": 0.04246721213742769,
                "power": 0.9575327878625723
            },
            "relative_importance": {
                "speed": 0.012938387160292731,
                "power": 0.9870616128397073
            },
            "hyperparameters": {
                "bootstrap": true,
                "ccp_alpha": 0.0,
                "criterion": "squared_error",
                "max_depth": null,
                "max_features": 1.0,
                "max_leaf_nodes": null,
                "max_samples": null,
                "min_impurity_decrease": 0.0,
                "min_samples_leaf": 1,
                "min_samples_split": 2,
                "min_weight_fraction_leaf": 0.0,
                "monotonic_cst": null,
                "n_estimators": 100,
                "n_jobs": null,
                "oob_score": false,
                "random_state": 42,
                "verbose": 0,
                "warm_start": false
            }
        },
        {
            "model": "xgboost",
            "full_model_metrics": {
                "mae": 0.10176529968225174,
                "rmse": 0.13830880805428475,
                "r2": 0.8871006071360801,
                "mape": 11.986413804502446,
                "smape": 11.688057546063247
            },
            "full_model_coefficients": {
                "speed": 0.030615661293268204,
                "power": 0.9693843126296997
            },
            "relative_importance": {
                "speed": 0.00924801216131692,
                "power": 0.990751987838683
            },
            "hyperparameters": {
                "objective": "reg:squarederror",
                "base_score": null,
                "booster": null,
                "callbacks": null,
                "colsample_bylevel": null,
                "colsample_bynode": null,
                "colsample_bytree": null,
                "device": null,
                "early_stopping_rounds": null,
                "enable_categorical": false,
                "eval_metric": null,
                "feature_types": null,
                "feature_weights": null,
                "gamma": null,
                "grow_policy": null,
                "importance_type": null,
                "interaction_constraints": null,
                "learning_rate": null,
                "max_bin": null,
                "max_cat_threshold": null,
                "max_cat_to_onehot": null,