{
    "source": "data/LZGJL4840PX018129.csv",
    "number_of_groups": 171,
    "group_sizes": [
        110,
        50,
        27,
        44,
        33,
        34,
        38,
        17,
        98,
        24,
        106,
        41,
        18,
        13,
        108,
        25,
        76,
        21,
        10,
        44,
        23,
        44,
        26,
        15,
        90,
        112,
        22,
        13,
        114,
        45,
        10,
        44,
        22,
        27,
        50,
        22,
        26,
        90,
        47,
        29,
        13,
        107,
        29,
        30,
        60,
        45,
        37,
        74,
        29,
        24,
        119,
        23,
        38,
        130,
        73,
        41,
        19,
        82,
        25,
        20,
        95,
        35,
        10,
        11,
        130,
        99,
        42,
        25,
        41,
        29,
        21,
        112,
        38,
        11,
        13,
        125,
        87,
        11,
        47,
        37,
        51,
        29,
        85,
        69,
        11,
        58,
        21,
        11,
        20,
        24,
        29,
        73,
        32,
        95,
        50,
        11,
        95,
        23,
        55,
        55,
        49,
        28,
        12,
        115,
        31,
        32,
        26,
        12,
        40,
        49,
        84,
        22,
        24,
        65,
        20,
        72,
        84,
        14,
        51,
        15,
        13,
        25,
        116,
        13,
        11,
        106,
        39,
        20,
        11,
        47,
        38,
        31,
        19,
        92,
        19,
        21,
        127,
        16,
        13,
        116,
        129,
        10,
        49,
        40,
        61,
        72,
        92,
        133,
        24,
        126,
        88,
        19,
        29,
        12,
        44,
        17,
        94,
        63,
        140,
        38,
        25,
        93,
        44,
        97,
        11,
        45,
        22,
        104,
        60,
        147,
        34
    ],
    "correlation_speed_power": 0.8031345721759686,
    "results": [
        {
            "model": "linear",
            "full_model_metrics": {
                "mae": 0.042337727623658394,
                "rmse": 0.06406547188025352,
                "r2": 0.9135738914425207,
                "mape": 5.856824337641881,
                "smape": 6.128480924876594
            },
            "full_model_coefficients": {
                "speed": 0.0007632070524932766,
                "power": 0.0066521770756678604,
                "intercept": 0.03258866406170424
            },
            "relative_importance": {
                "speed": 0.05315224774743288,
                "power": 0.9468477522525671
            },
            "hyperparameters": {
                "copy_X": true,
                "fit_intercept": true,
                "n_jobs": null,
                "positive": false,
                "tol": 1e-06
            },
            "reduced_model_metrics_speed_only": {
                "mae": 0.11203428920135135,
                "rmse": 0.13310525111861407,
                "r2": 0.6269326189844822,
                "mape": 19.547957747272473,
                "smape": 18.207484764867555
            },
            "impact_removing_power_r2_drop": 0.2866412724580385,
            "reduced_model_metrics_power_only": {
                "mae": 0.04329563778799832,
                "rmse": 0.06448000825898968,
                "r2": 0.9124518307203421,
                "mape": 5.950206872937573,
                "smape": 6.191888078130144
            },
            "impact_removing_speed_r2_drop": 0.001122060722178575
        },
        {
            "model": "ridge",
            "full_model_metrics": {
                "mae": 0.04233772309704604,
                "rmse": 0.06406546663608362,
                "r2": 0.913573905591583,
                "mape": 5.85682364005593,
                "smape": 6.128480020045576
            },
            "full_model_coefficients": {
                "speed": 0.0007632118911426904,
                "power": 0.0066521737099848955,
                "intercept": 0.0325887266763647
            },
            "relative_importance": {
                "speed": 0.05315259227881119,
                "power": 0.9468474077211889
            },
            "hyperparameters": {
                "alpha": 1.0,
                "copy_X": true,
                "fit_intercept": true,
                "max_iter": null,
                "positive": false,
                "random_state": null,
                "solver": "auto",
                "tol": 0.0001
            }
        },
        {
            "model": "lasso",
            "full_model_metrics": {
                "mae": 0.06575750996699024,
                "rmse": 0.07923414313798462,
                "r2": 0.867802990296021,
                "mape": 10.850104054883785,
                "smape": 10.478578392769965
            },
            "full_model_coefficients": {
                "speed": 0.0,
                "power": 0.005373754669076489,
                "intercept": 0.2142043736732896
            },
            "relative_importance": {
                "speed": 0.0,
                "power": 1.0
            },
            "hyperparameters": {
                "alpha": 1.0,
                "copy_X": true,
                "fit_intercept": true,
                "max_iter": 1000,
                "positive": false,
                "precompute": false,
                "random_state": null,
                "selection": "cyclic",
                "tol": 0.0001,
                "warm_start": false
            }
        },
        {
            "model": "rf",
            "full_model_metrics": {
                "mae": 0.03475290610671469,
                "rmse": 0.05835544095880445,
                "r2": 0.9282933208041488,
                "mape": 4.885783732294276,
                "smape": 5.089053321795154
            },
            "full_model_coefficients": {
                "speed": 0.023082736155992625,
                "power": 0.9769172638440073
            },
            "relative_importance": {
                "speed": 0.011428793060193525,
                "power": 0.9885712069398064
            },
            "hyperparameters": {
                "bootstrap": true,
                "ccp_alpha": 0.0,
                "criterion": "squared_error",
                "max_depth": null,
                "max_features": 1.0,
                "max_leaf_nodes": null,
                "max_samples": null,
                "min_impurity_decrease": 0.0,
                "min_samples_leaf": 1,
                "min_samples_split": 2,
                "min_weight_fraction_leaf": 0.0,
                "monotonic_cst": null,
                "n_estimators": 100,
                "n_jobs": null,
                "oob_score": false,
                "random_state": 42,
                "verbose": 0,
                "warm_start": false
            }
        },
        {
            "model": "xgboost",
            "full_model_metrics": {
                "mae": 0.04045538719896058,
                "rmse": 0.06769227655580003,
                "r2": 0.9035115921276624,
                "mape": 5.483345151118922,
                "smape": 5.71702783959283
            },
            "full_model_coefficients": {
                "speed": 0.01705327257514,
                "power": 0.9829466938972473
            },
            "relative_importance": {
                "speed": 0.008417238721051113,
                "power": 0.991582761278949
            },
            "hyperparameters": {
                "objective": "reg:squarederror",
                "base_score": null,
                "booster": null,
                "callbacks": null,
                "colsample_bylevel": null,