File Name,Best model,MAPE,R^2
CNG(~12000kg),lightgbm,11.344985467025182,0.8721214452481107
diesel(~8500kg),lightgbm,12.781976443989999,0.8900088609624275
CNG(12000kg~),gam,8.78267628041576,0.7984359500370124
diesel(15000kg~18000kg),gam,9.95883977946624,0.8954938983272955
diesel(12000kg~15000kg),gam,12.163718679864969,0.7458854559993688
diesel(8500kg~12000kg),lightgbm,17.892730806253716,0.732495613797675
diesel(18000kg~),gam,11.768357579248278,0.75197850647673
LNG(8800kg~9800kg),lightgbm,13.074266474221846,0.8627846549262495
