{
    "source": "data/LZGCD2L12PX023680.csv",
    "number_of_groups": 160,
    "group_sizes": [
        155,
        201,
        184,
        161,
        194,
        196,
        190,
        193,
        183,
        165,
        164,
        190,
        187,
        189,
        184,
        79,
        100,
        180,
        173,
        180,
        183,
        160,
        163,
        192,
        181,
        159,
        27,
        138,
        166,
        54,
        106,
        188,
        187,
        186,
        174,
        184,
        188,
        184,
        50,
        11,
        190,
        81,
        15,
        114,
        191,
        177,
        157,
        127,
        35,
        190,
        174,
        195,
        189,
        157,
        195,
        28,
        136,
        179,
        190,
        190,
        183,
        176,
        157,
        181,
        184,
        179,
        190,
        168,
        174,
        181,
        190,
        186,
        185,
        160,
        182,
        163,
        193,
        168,
        169,
        162,
        198,
        175,
        183,
        184,
        169,
        188,
        162,
        185,
        133,
        60,
        122,
        70,
        187,
        179,
        182,
        176,
        182,
        179,
        170,
        155,
        184,
        181,
        185,
        176,
        29,
        31,
        178,
        174,
        29,
        31,
        171,
        179,
        192,
        159,
        189,
        187,
        31,
        29,
        29,
        33,
        189,
        174,
        28,
        29,
        32,
        29,
        185,
        179,
        34,
        140,
        182,
        192,
        178,
        193,
        185,
        195,
        181,
        27,
        27,
        34,
        29,
        188,
        181,
        192,
        184,
        187,
        194,
        31,
        30,
        31,
        26,
        31,
        29,
        29,
        33,
        29,
        195,
        178,
        189,
        121
    ],
    "correlation_speed_power": 0.9063688204012326,
    "results": [
        {
            "model": "linear",
            "full_model_metrics": {
                "mae": 0.007563713293270103,
                "rmse": 0.009994000778471531,
                "r2": 0.8320407921366064,
                "mape": 5.118129860105908,
                "smape": 4.988840455963365
            },
            "full_model_coefficients": {
                "speed": -0.000765350998604615,
                "power": 0.003381520430436034,
                "intercept": 0.04217392786990193
            },
            "relative_importance": {
                "speed": 0.19269675973889366,
                "power": 0.8073032402611063
            },
            "hyperparameters": {
                "copy_X": true,
                "fit_intercept": true,
                "n_jobs": null,
                "positive": false,
                "tol": 1e-06
            },
            "reduced_model_metrics_speed_only": {
                "mae": 0.014400032990059956,
                "rmse": 0.01684267172120348,
                "r2": 0.5229685331422811,
                "mape": 8.912140444381233,
                "smape": 8.878609794905344
            },
            "impact_removing_power_r2_drop": 0.30907225899432533,
            "reduced_model_metrics_power_only": {
                "mae": 0.008865438670996713,
                "rmse": 0.010587400043767308,
                "r2": 0.8115033196447426,
                "mape": 5.833151819086813,
                "smape": 5.8072428573603245
            },
            "impact_removing_speed_r2_drop": 0.020537472491863773
        },
        {
            "model": "ridge",
            "full_model_metrics": {
                "mae": 0.007565927317491504,
                "rmse": 0.009993925386679882,
                "r2": 0.8320433261964135,
                "mape": 5.119224062599206,
                "smape": 4.990068152856233
            },
            "full_model_coefficients": {
                "speed": -0.0007635849458983345,
                "power": 0.0033797161094614382,
                "intercept": 0.04215932387662977
            },
            "relative_importance": {
                "speed": 0.19242055793837992,
                "power": 0.80757944206162
            },
            "hyperparameters": {
                "alpha": 1.0,
                "copy_X": true,
                "fit_intercept": true,
                "max_iter": null,
                "positive": false,
                "random_state": null,
                "solver": "auto",
                "tol": 0.0001
            }
        },
        {
            "model": "lasso",
            "full_model_metrics": {
                "mae": 0.0193703852996299,
                "rmse": 0.025580062589540563,
                "r2": -0.10034345720871163,
                "mape": 12.734632747721347,
                "smape": 11.80678742403728
            },
            "full_model_coefficients": {
                "speed": 0.0,
                "power": 0.0,
                "intercept": 0.17228366894422736
            },
            "relative_importance": null,
            "hyperparameters": {
                "alpha": 1.0,
                "copy_X": true,
                "fit_intercept": true,
                "max_iter": 1000,
                "positive": false,
                "precompute": false,
                "random_state": null,
                "selection": "cyclic",
                "tol": 0.0001,
                "warm_start": false
            }
        },
        {
            "model": "rf",
            "full_model_metrics": {
                "mae": 0.00846775800956583,
                "rmse": 0.01254831699934973,
                "r2": 0.7352133880068205,
                "mape": 5.709501598269731,
                "smape": 5.414693872808539
            },
            "full_model_coefficients": {
                "speed": 0.11031637822844721,
                "power": 0.8896836217715528
            },
            "relative_importance": {
                "speed": 0.11564341126854834,
                "power": 0.8843565887314516
            },
            "hyperparameters": {
                "bootstrap": true,
                "ccp_alpha": 0.0,
                "criterion": "squared_error",
                "max_depth": null,
                "max_features": 1.0,
                "max_leaf_nodes": null,
                "max_samples": null,
                "min_impurity_decrease": 0.0,
                "min_samples_leaf": 1,
                "min_samples_split": 2,
                "min_weight_fraction_leaf": 0.0,
                "monotonic_cst": null,
                "n_estimators": 100,
                "n_jobs": null,
                "oob_score": false,
                "random_state": 42,
                "verbose": 0,
                "warm_start": false
            }
        },
        {
            "model": "xgboost",
            "full_model_metrics": {
                "mae": 0.0077581290848692756,
                "rmse": 0.01091139651392649,
                "r2": 0.7997900136556018,
                "mape": 5.222172383811947,
                "smape": 5.098457823049432
            },
            "full_model_coefficients": {
                "speed": 0.05344337224960327,
                "power": 0.9465566873550415
            },
            "relative_importance": {
                "speed": 0.056197552783687016,
                "power": 0.9438024472163131
            },
            "hyperparameters": {
                "objective": "reg:squarederror",
                "base_score": null,
                "booster": null,
                "callbacks": null,
                "colsample_bylevel": null,
                "colsample_bynode": null,
                "colsample_bytree": null,
                "device": null,