{
    "source": "data/LZGJLGX47PX044178.csv",
    "number_of_groups": 178,
    "group_sizes": [
        52,
        12,
        71,
        83,
        158,
        50,
        45,
        17,
        104,
        18,
        26,
        70,
        113,
        123,
        15,
        99,
        10,
        17,
        75,
        51,
        36,
        40,
        97,
        11,
        29,
        10,
        15,
        31,
        91,
        75,
        13,
        68,
        57,
        17,
        81,
        82,
        93,
        101,
        69,
        29,
        90,
        11,
        67,
        52,
        14,
        24,
        12,
        122,
        32,
        44,
        15,
        22,
        19,
        98,
        121,
        92,
        81,
        98,
        16,
        76,
        53,
        28,
        104,
        22,
        24,
        43,
        111,
        49,
        101,
        67,
        18,
        88,
        94,
        10,
        59,
        109,
        46,
        46,
        11,
        10,
        23,
        62,
        29,
        25,
        61,
        77,
        50,
        98,
        21,
        130,
        51,
        52,
        12,
        68,
        20,
        65,
        71,
        32,
        129,
        33,
        16,
        51,
        126,
        74,
        37,
        86,
        17,
        53,
        131,
        75,
        19,
        72,
        102,
        81,
        32,
        36,
        23,
        18,
        30,
        43,
        86,
        37,
        12,
        157,
        56,
        26,
        109,
        85,
        12,
        76,
        21,
        29,
        74,
        123,
        40,
        24,
        10,
        10,
        37,
        119,
        17,
        96,
        43,
        70,
        36,
        37,
        10,
        133,
        11,
        150,
        51,
        58,
        111,
        18,
        19,
        80,
        14,
        69,
        70,
        118,
        80,
        18,
        58,
        113,
        101,
        97,
        25,
        65,
        135,
        70,
        81,
        38,
        10,
        12,
        19,
        113,
        140,
        60
    ],
    "correlation_speed_power": 0.4584163154040106,
    "results": [
        {
            "model": "linear",
            "full_model_metrics": {
                "mae": 0.01887889690511827,
                "rmse": 0.02714503935613776,
                "r2": 0.7681011265253299,
                "mape": 13.460837506555706,
                "smape": 11.275848615417111
            },
            "full_model_coefficients": {
                "speed": -1.8226137600739682e-05,
                "power": 0.003565362176233457,
                "intercept": 0.005044400398406035
            },
            "relative_importance": {
                "speed": 0.002932637098383709,
                "power": 0.9970673629016162
            },
            "hyperparameters": {
                "copy_X": true,
                "fit_intercept": true,
                "n_jobs": null,
                "positive": false,
                "tol": 1e-06
            },
            "reduced_model_metrics_speed_only": {
                "mae": 0.03826312696870365,
                "rmse": 0.04810023388270007,
                "r2": 0.27186473749252005,
                "mape": 25.88896767605105,
                "smape": 21.069227574645886
            },
            "impact_removing_power_r2_drop": 0.49623638903280987,
            "reduced_model_metrics_power_only": {
                "mae": 0.018848267466884387,
                "rmse": 0.02709931520598568,
                "r2": 0.7688817073454107,
                "mape": 13.420822739202318,
                "smape": 11.253273965928543
            },
            "impact_removing_speed_r2_drop": -0.0007805808200808118
        },
        {
            "model": "ridge",
            "full_model_metrics": {
                "mae": 0.018879077244674313,
                "rmse": 0.02714532591517484,
                "r2": 0.7680962303770674,
                "mape": 13.461061602124175,
                "smape": 11.276005040799067
            },
            "full_model_coefficients": {
                "speed": -1.809848860785696e-05,
                "power": 0.0035651885725497285,
                "intercept": 0.005049521125759793
            },
            "relative_importance": {
                "speed": 0.0029122992193420455,
                "power": 0.997087700780658
            },
            "hyperparameters": {
                "alpha": 1.0,
                "copy_X": true,
                "fit_intercept": true,
                "max_iter": null,
                "positive": false,
                "random_state": null,
                "solver": "auto",
                "tol": 0.0001
            }
        },
        {
            "model": "lasso",
            "full_model_metrics": {
                "mae": 0.04130089837291898,
                "rmse": 0.05864889995915452,
                "r2": -0.08252373943623303,
                "mape": 32.04851703830584,
                "smape": 22.274053009033437
            },
            "full_model_coefficients": {
                "speed": 0.0,
                "power": 0.0,
                "intercept": 0.22201246191643811
            },
            "relative_importance": null,
            "hyperparameters": {
                "alpha": 1.0,
                "copy_X": true,
                "fit_intercept": true,
                "max_iter": 1000,
                "positive": false,
                "precompute": false,
                "random_state": null,
                "selection": "cyclic",
                "tol": 0.0001,
                "warm_start": false
            }
        },
        {
            "model": "rf",
            "full_model_metrics": {
                "mae": 0.02240243724284716,
                "rmse": 0.03384426174843228,
                "r2": 0.6395145187332796,
                "mape": 16.68696862258795,
                "smape": 13.006934319313574
            },
            "full_model_coefficients": {
                "speed": 0.06724845843103025,
                "power": 0.9327515415689698
            },
            "relative_importance": {
                "speed": 0.03982973719376599,
                "power": 0.960170262806234
            },
            "hyperparameters": {
                "bootstrap": true,
                "ccp_alpha": 0.0,
                "criterion": "squared_error",
                "max_depth": null,
                "max_features": 1.0,
                "max_leaf_nodes": null,
                "max_samples": null,
                "min_impurity_decrease": 0.0,
                "min_samples_leaf": 1,
                "min_samples_split": 2,
                "min_weight_fraction_leaf": 0.0,
                "monotonic_cst": null,
                "n_estimators": 100,
                "n_jobs": null,
                "oob_score": false,
                "random_state": 42,
                "verbose": 0,
                "warm_start": false
            }
        },
        {
            "model": "xgboost",
            "full_model_metrics": {
                "mae": 0.020795057232342366,
                "rmse": 0.03263123391557861,
                "r2": 0.6648920889281268,
                "mape": 14.67388153571525,
                "smape": 11.683333983998697
            },
            "full_model_coefficients": {
                "speed": 0.037283219397068024,
                "power": 0.9627167582511902
            },
            "relative_importance": {
                "speed": 0.021796507707151504,
                "power": 0.9782034922928485
            },
            "hyperparameters": {
                "objective": "reg:squarederror",
                "base_score": null,
                "booster": null,
                "callbacks": null,
                "colsample_bylevel": null,