{
    "source": "data/LZGJLGX47PX057321.csv",
    "number_of_groups": 72,
    "group_sizes": [
        39,
        10,
        203,
        19,
        15,
        138,
        75,
        169,
        124,
        39,
        287,
        236,
        78,
        72,
        11,
        69,
        115,
        92,
        138,
        78,
        61,
        66,
        62,
        116,
        123,
        252,
        81,
        64,
        10,
        75,
        199,
        17,
        158,
        77,
        72,
        71,
        74,
        189,
        81,
        102,
        74,
        105,
        42,
        75,
        228,
        31,
        111,
        69,
        107,
        106,
        77,
        24,
        89,
        54,
        76,
        64,
        72,
        75,
        171,
        178,
        76,
        66,
        77,
        25,
        176,
        19,
        172,
        88,
        116,
        119,
        74,
        14
    ],
    "correlation_speed_power": 0.20107962761385206,
    "results": [
        {
            "model": "linear",
            "full_model_metrics": {
                "mae": 0.018363060838318013,
                "rmse": 0.030030214073311023,
                "r2": 0.6631352238614916,
                "mape": 8.71699728712645,
                "smape": 9.997710828934018
            },
            "full_model_coefficients": {
                "speed": 0.00010104296834621414,
                "power": 0.0035330898664072885,
                "intercept": 0.00174639102740215
            },
            "relative_importance": {
                "speed": 0.01622068271015944,
                "power": 0.9837793172898406
            },
            "hyperparameters": {
                "copy_X": true,
                "fit_intercept": true,
                "n_jobs": null,
                "positive": false,
                "tol": 1e-06
            },
            "reduced_model_metrics_speed_only": {
                "mae": 0.04499175814966306,
                "rmse": 0.051695978780909375,
                "r2": 0.0017202296008790308,
                "mape": 20.497037222960667,
                "smape": 20.586308351537408
            },
            "impact_removing_power_r2_drop": 0.6614149942606126,
            "reduced_model_metrics_power_only": {
                "mae": 0.018203757835914793,
                "rmse": 0.02919238687100582,
                "r2": 0.6816697155223155,
                "mape": 8.6586458616952,
                "smape": 9.85734203618371
            },
            "impact_removing_speed_r2_drop": -0.018534491660823882
        },
        {
            "model": "ridge",
            "full_model_metrics": {
                "mae": 0.018361246757377804,
                "rmse": 0.0300269373146227,
                "r2": 0.6632087341173412,
                "mape": 8.715864208931748,
                "smape": 9.996255078200958
            },
            "full_model_coefficients": {
                "speed": 0.00010096622343793197,
                "power": 0.003532786782464556,
                "intercept": 0.0017674003516688352
            },
            "relative_importance": {
                "speed": 0.016209930366665418,
                "power": 0.9837900696333346
            },
            "hyperparameters": {
                "alpha": 1.0,
                "copy_X": true,
                "fit_intercept": true,
                "max_iter": null,
                "positive": false,
                "random_state": null,
                "solver": "auto",
                "tol": 0.0001
            }
        },
        {
            "model": "lasso",
            "full_model_metrics": {
                "mae": 0.04489011039167752,
                "rmse": 0.05194021943052634,
                "r2": -0.0077349147809449015,
                "mape": 20.461603992480896,
                "smape": 20.539441287462065
            },
            "full_model_coefficients": {
                "speed": -0.0,
                "power": 0.0,
                "intercept": 0.21002540426255076
            },
            "relative_importance": null,
            "hyperparameters": {
                "alpha": 1.0,
                "copy_X": true,
                "fit_intercept": true,
                "max_iter": 1000,
                "positive": false,
                "precompute": false,
                "random_state": null,
                "selection": "cyclic",
                "tol": 0.0001,
                "warm_start": false
            }
        },
        {
            "model": "rf",
            "full_model_metrics": {
                "mae": 0.019480766948261802,
                "rmse": 0.029640915478124433,
                "r2": 0.6718125484083768,
                "mape": 9.414158123876256,
                "smape": 10.644531280598256
            },
            "full_model_coefficients": {
                "speed": 0.04795300777721125,
                "power": 0.9520469922227888
            },
            "relative_importance": {
                "speed": 0.028219270318835747,
                "power": 0.9717807296811642
            },
            "hyperparameters": {
                "bootstrap": true,
                "ccp_alpha": 0.0,
                "criterion": "squared_error",
                "max_depth": null,
                "max_features": 1.0,
                "max_leaf_nodes": null,
                "max_samples": null,
                "min_impurity_decrease": 0.0,
                "min_samples_leaf": 1,
                "min_samples_split": 2,
                "min_weight_fraction_leaf": 0.0,
                "monotonic_cst": null,
                "n_estimators": 100,
                "n_jobs": null,
                "oob_score": false,
                "random_state": 42,
                "verbose": 0,
                "warm_start": false
            }
        },
        {
            "model": "xgboost",
            "full_model_metrics": {
                "mae": 0.024129572663461305,
                "rmse": 0.03527201751208845,
                "r2": 0.5352714554670873,
                "mape": 11.578664717612762,
                "smape": 13.313561612667627
            },
            "full_model_coefficients": {
                "speed": 0.041222114115953445,
                "power": 0.958777904510498
            },
            "relative_importance": {
                "speed": 0.024187916758618935,
                "power": 0.975812083241381
            },
            "hyperparameters": {
                "objective": "reg:squarederror",
                "base_score": null,
                "booster": null,
                "callbacks": null,
                "colsample_bylevel": null,
                "colsample_bynode": null,
                "colsample_bytree": null,
                "device": null,
                "early_stopping_rounds": null,
                "enable_categorical": false,
                "eval_metric": null,
                "feature_types": null,
                "feature_weights": null,
                "gamma": null,
                "grow_policy": null,
                "importance_type": null,
                "interaction_constraints": null,
                "learning_rate": null,
                "max_bin": null,
                "max_cat_threshold": null,
                "max_cat_to_onehot": null,
                "max_delta_step": null,
                "max_depth": null,
                "max_leaves": null,
                "min_child_weight": null,
                "missing": NaN,
                "monotone_constraints": null,
                "multi_strategy": null,
                "n_estimators": 100,
                "n_jobs": null,
                "num_parallel_tree": null,
                "random_state": 42,
                "reg_alpha": null,
                "reg_lambda": null,
                "sampling_method": null,
                "scale_pos_weight": null,
                "subsample": null,