{
    "source": "data/LZGJL4840PX018129.csv",
    "number_of_groups": 171,
    "group_sizes": [
        110,
        50,
        27,
        44,
        33,
        34,
        38,
        17,
        98,
        24,
        106,
        41,
        18,
        13,
        108,
        25,
        76,
        21,
        10,
        44,
        23,
        44,
        26,
        15,
        90,
        112,
        22,
        13,
        114,
        45,
        10,
        44,
        22,
        27,
        50,
        22,
        26,
        90,
        47,
        29,
        13,
        107,
        29,
        30,
        60,
        45,
        37,
        74,
        29,
        24,
        119,
        23,
        38,
        130,
        73,
        41,
        19,
        82,
        25,
        20,
        95,
        35,
        10,
        11,
        130,
        99,
        42,
        25,
        41,
        29,
        21,
        112,
        38,
        11,
        13,
        125,
        87,
        11,
        47,
        37,
        51,
        29,
        85,
        69,
        11,
        58,
        21,
        11,
        20,
        24,
        29,
        73,
        32,
        95,
        50,
        11,
        95,
        23,
        55,
        55,
        49,
        28,
        12,
        115,
        31,
        32,
        26,
        12,
        40,
        49,
        84,
        22,
        24,
        65,
        20,
        72,
        84,
        14,
        51,
        15,
        13,
        25,
        116,
        13,
        11,
        106,
        39,
        20,
        11,
        47,
        38,
        31,
        19,
        92,
        19,
        21,
        127,
        16,
        13,
        116,
        129,
        10,
        49,
        40,
        61,
        72,
        92,
        133,
        24,
        126,
        88,
        19,
        29,
        12,
        44,
        17,
        94,
        63,
        140,
        38,
        25,
        93,
        44,
        97,
        11,
        45,
        22,
        104,
        60,
        147,
        34
    ],
    "correlation_speed_power": 0.8031345721759686,
    "results": [
        {
            "model": "linear",
            "full_model_metrics": {
                "mae": 0.04227974482656162,
                "rmse": 0.0637724412173696,
                "r2": 0.914362696415655,
                "mape": 5.83747296414937,
                "smape": 6.085944385433467
            },
            "full_model_coefficients": {
                "speed": 0.0005908630056180221,
                "power": 0.006676527178875404,
                "intercept": 0.04101998642185323
            },
            "relative_importance": {
                "speed": 0.04150394846737145,
                "power": 0.9584960515326286
            },
            "hyperparameters": {
                "copy_X": true,
                "fit_intercept": true,
                "n_jobs": null,
                "positive": false,
                "tol": 1e-06
            },
            "reduced_model_metrics_speed_only": {
                "mae": 0.11256767891587198,
                "rmse": 0.13345326677743033,
                "r2": 0.624979232176585,
                "mape": 19.61094895906784,
                "smape": 18.24964174425673
            },
            "impact_removing_power_r2_drop": 0.28938346423907,
            "reduced_model_metrics_power_only": {
                "mae": 0.04345198117886509,
                "rmse": 0.06443917889080451,
                "r2": 0.9125626683215871,
                "mape": 5.971895220944969,
                "smape": 6.2056533901323405
            },
            "impact_removing_speed_r2_drop": 0.0018000280940679847
        },
        {
            "model": "ridge",
            "full_model_metrics": {
                "mae": 0.04227973550650333,
                "rmse": 0.0637722826245596,
                "r2": 0.914363122350227,
                "mape": 5.837484254429038,
                "smape": 6.085949063391503
            },
            "full_model_coefficients": {
                "speed": 0.0005910919450244502,
                "power": 0.0066763747970470175,
                "intercept": 0.04102207955644521
            },
            "relative_importance": {
                "speed": 0.04152027044677814,
                "power": 0.9584797295532218
            },
            "hyperparameters": {
                "alpha": 1.0,
                "copy_X": true,
                "fit_intercept": true,
                "max_iter": null,
                "positive": false,
                "random_state": null,
                "solver": "auto",
                "tol": 0.0001
            }
        },
        {
            "model": "lasso",
            "full_model_metrics": {
                "mae": 0.06184364301532711,
                "rmse": 0.0761382683308137,
                "r2": 0.8779317016886304,
                "mape": 9.521680688928374,
                "smape": 9.433263393292384
            },
            "full_model_coefficients": {
                "speed": 0.0,
                "power": 0.005598422622940334,
                "intercept": 0.18189735212425484
            },
            "relative_importance": {
                "speed": 0.0,
                "power": 1.0
            },
            "hyperparameters": {
                "alpha": 1.0,
                "copy_X": true,
                "fit_intercept": true,
                "max_iter": 1000,
                "positive": false,
                "precompute": false,
                "random_state": null,
                "selection": "cyclic",
                "tol": 0.0001,
                "warm_start": false
            }
        },
        {
            "model": "rf",
            "full_model_metrics": {
                "mae": 0.03581855923387911,
                "rmse": 0.0593376191423979,
                "r2": 0.9258592229229328,
                "mape": 5.04571677739256,
                "smape": 5.250801654635913
            },
            "full_model_coefficients": {
                "speed": 0.023788410842350474,
                "power": 0.9762115891576495
            },
            "relative_importance": {
                "speed": 0.011782485851144808,
                "power": 0.9882175141488552
            },
            "hyperparameters": {
                "bootstrap": true,
                "ccp_alpha": 0.0,
                "criterion": "squared_error",
                "max_depth": null,
                "max_features": 1.0,
                "max_leaf_nodes": null,
                "max_samples": null,
                "min_impurity_decrease": 0.0,
                "min_samples_leaf": 1,
                "min_samples_split": 2,
                "min_weight_fraction_leaf": 0.0,
                "monotonic_cst": null,
                "n_estimators": 100,
                "n_jobs": null,
                "oob_score": false,
                "random_state": 42,
                "verbose": 0,
                "warm_start": false
            }
        },
        {
            "model": "xgboost",
            "full_model_metrics": {
                "mae": 0.04007504734047059,
                "rmse": 0.06533919954707507,
                "r2": 0.9101031406077169,
                "mape": 5.785986799971528,
                "smape": 6.060030405014955
            },
            "full_model_coefficients": {
                "speed": 0.01824723556637764,
                "power": 0.9817528128623962
            },
            "relative_importance": {
                "speed": 0.009012103764517727,
                "power": 0.9909878962354822
            },
            "hyperparameters": {
                "objective": "reg:squarederror",
                "base_score": null,
                "booster": null,
                "callbacks": null,
                "colsample_bylevel": null,